dam_id,dam_num,name,landuse_code,number_cells
1,UT00394,BROWNS DRAW,11.0,413
1,UT00394,BROWNS DRAW,21.0,575
1,UT00394,BROWNS DRAW,22.0,1545
1,UT00394,BROWNS DRAW,23.0,483
1,UT00394,BROWNS DRAW,24.0,86
1,UT00394,BROWNS DRAW,42.0,6
1,UT00394,BROWNS DRAW,52.0,11480
1,UT00394,BROWNS DRAW,81.0,2899
1,UT00394,BROWNS DRAW,82.0,1787
1,UT00394,BROWNS DRAW,90.0,17750
1,UT00394,BROWNS DRAW,95.0,288
2,UT00069,CHEPETA,11.0,7
2,UT00069,CHEPETA,21.0,461
2,UT00069,CHEPETA,22.0,491
2,UT00069,CHEPETA,23.0,13
2,UT00069,CHEPETA,41.0,400
2,UT00069,CHEPETA,42.0,2912
2,UT00069,CHEPETA,52.0,10999
2,UT00069,CHEPETA,71.0,79
2,UT00069,CHEPETA,81.0,5458
2,UT00069,CHEPETA,82.0,11
2,UT00069,CHEPETA,90.0,10183
2,UT00069,CHEPETA,95.0,4765
3,UT00235,OTTER CREEK,11.0,20
3,UT00235,OTTER CREEK,21.0,113
3,UT00235,OTTER CREEK,22.0,1485
3,UT00235,OTTER CREEK,23.0,139
3,UT00235,OTTER CREEK,41.0,42
3,UT00235,OTTER CREEK,42.0,251
3,UT00235,OTTER CREEK,52.0,4117
3,UT00235,OTTER CREEK,81.0,9889
3,UT00235,OTTER CREEK,82.0,2043
3,UT00235,OTTER CREEK,90.0,87
3,UT00235,OTTER CREEK,95.0,12
4,UT00240,PARADISE PARK,11.0,8
4,UT00240,PARADISE PARK,21.0,462
4,UT00240,PARADISE PARK,22.0,457
4,UT00240,PARADISE PARK,23.0,13
4,UT00240,PARADISE PARK,41.0,302
4,UT00240,PARADISE PARK,42.0,1285
4,UT00240,PARADISE PARK,52.0,10945
4,UT00240,PARADISE PARK,71.0,21
4,UT00240,PARADISE PARK,81.0,5427
4,UT00240,PARADISE PARK,82.0,10
4,UT00240,PARADISE PARK,90.0,9702
4,UT00240,PARADISE PARK,95.0,4730
5,UT00431,MINERSVILLE - BIG WASH DEBRIS,21.0,3
5,UT00431,MINERSVILLE - BIG WASH DEBRIS,22.0,216
5,UT00431,MINERSVILLE - BIG WASH DEBRIS,52.0,2596
6,UT00431,MINERSVILLE - BIG WASH DEBRIS,22.0,1
6,UT00431,MINERSVILLE - BIG WASH DEBRIS,52.0,77
7,UT00044,BLUE CREEK,11.0,21
7,UT00044,BLUE CREEK,21.0,329
7,UT00044,BLUE CREEK,22.0,750
7,UT00044,BLUE CREEK,23.0,36
7,UT00044,BLUE CREEK,24.0,14
7,UT00044,BLUE CREEK,31.0,39
7,UT00044,BLUE CREEK,52.0,5729
7,UT00044,BLUE CREEK,71.0,618
7,UT00044,BLUE CREEK,81.0,2367
7,UT00044,BLUE CREEK,82.0,981
7,UT00044,BLUE CREEK,90.0,80
7,UT00044,BLUE CREEK,95.0,2185
8,UT00089,DEJARNATT,11.0,276
8,UT00089,DEJARNATT,21.0,324
8,UT00089,DEJARNATT,22.0,732
8,UT00089,DEJARNATT,23.0,35
8,UT00089,DEJARNATT,24.0,14
8,UT00089,DEJARNATT,31.0,39
8,UT00089,DEJARNATT,52.0,5826
8,UT00089,DEJARNATT,71.0,618
8,UT00089,DEJARNATT,81.0,2359
8,UT00089,DEJARNATT,82.0,1004
8,UT00089,DEJARNATT,90.0,199
8,UT00089,DEJARNATT,95.0,2214
9,UT00259,ROCKY FORD (BEAVER),11.0,59
9,UT00259,ROCKY FORD (BEAVER),21.0,1288
9,UT00259,ROCKY FORD (BEAVER),22.0,4920
9,UT00259,ROCKY FORD (BEAVER),23.0,800
9,UT00259,ROCKY FORD (BEAVER),24.0,51
9,UT00259,ROCKY FORD (BEAVER),42.0,3
9,UT00259,ROCKY FORD (BEAVER),52.0,28842
9,UT00259,ROCKY FORD (BEAVER),71.0,1922
9,UT00259,ROCKY FORD (BEAVER),81.0,880
9,UT00259,ROCKY FORD (BEAVER),82.0,28258
9,UT00259,ROCKY FORD (BEAVER),90.0,54
9,UT00259,ROCKY FORD (BEAVER),95.0,2
10,UT00319,ETNA,21.0,4
10,UT00319,ETNA,22.0,18
10,UT00319,ETNA,52.0,612
10,UT00319,ETNA,71.0,24
10,UT00319,ETNA,81.0,538
10,UT00319,ETNA,82.0,716
10,UT00319,ETNA,90.0,6
10,UT00319,ETNA,95.0,65
11,UT00079,UTAH POWER & LIGHT - CUTLER,11.0,4432
11,UT00079,UTAH POWER & LIGHT - CUTLER,21.0,446
11,UT00079,UTAH POWER & LIGHT - CUTLER,22.0,1728
11,UT00079,UTAH POWER & LIGHT - CUTLER,23.0,243
11,UT00079,UTAH POWER & LIGHT - CUTLER,24.0,7
11,UT00079,UTAH POWER & LIGHT - CUTLER,31.0,1
11,UT00079,UTAH POWER & LIGHT - CUTLER,42.0,22
11,UT00079,UTAH POWER & LIGHT - CUTLER,52.0,421
11,UT00079,UTAH POWER & LIGHT - CUTLER,71.0,84
11,UT00079,UTAH POWER & LIGHT - CUTLER,81.0,2888
11,UT00079,UTAH POWER & LIGHT - CUTLER,82.0,23589
11,UT00079,UTAH POWER & LIGHT - CUTLER,90.0,5352
11,UT00079,UTAH POWER & LIGHT - CUTLER,95.0,4886
12,UT00251,PORCUPINE,11.0,2921
12,UT00251,PORCUPINE,21.0,2021
12,UT00251,PORCUPINE,22.0,3222
12,UT00251,PORCUPINE,23.0,238
12,UT00251,PORCUPINE,24.0,13
12,UT00251,PORCUPINE,31.0,5
12,UT00251,PORCUPINE,41.0,161
12,UT00251,PORCUPINE,42.0,207
12,UT00251,PORCUPINE,52.0,1457
12,UT00251,PORCUPINE,71.0,17
12,UT00251,PORCUPINE,81.0,21580
12,UT00251,PORCUPINE,82.0,16987
12,UT00251,PORCUPINE,90.0,4020
12,UT00251,PORCUPINE,95.0,13238
13,UT00365,LONG PARK (DAGGETT),11.0,1240
13,UT00365,LONG PARK (DAGGETT),21.0,126
13,UT00365,LONG PARK (DAGGETT),22.0,72
13,UT00365,LONG PARK (DAGGETT),23.0,8
13,UT00365,LONG PARK (DAGGETT),31.0,3
13,UT00365,LONG PARK (DAGGETT),41.0,48
13,UT00365,LONG PARK (DAGGETT),42.0,279
13,UT00365,LONG PARK (DAGGETT),52.0,1543
13,UT00365,LONG PARK (DAGGETT),81.0,225
13,UT00365,LONG PARK (DAGGETT),90.0,739
13,UT00365,LONG PARK (DAGGETT),95.0,180
14,UT00002,ADAMS,21.0,119
14,UT00002,ADAMS,22.0,812
14,UT00002,ADAMS,23.0,993
14,UT00002,ADAMS,24.0,131
14,UT00002,ADAMS,82.0,38
15,UT00140,HOBBS,21.0,152
15,UT00140,HOBBS,22.0,260
15,UT00140,HOBBS,23.0,247
15,UT00140,HOBBS,24.0,12
15,UT00140,HOBBS,41.0,1
15,UT00140,HOBBS,52.0,6
15,UT00140,HOBBS,81.0,227
15,UT00140,HOBBS,90.0,181
16,UT00069,CHEPETA,11.0,7
16,UT00069,CHEPETA,21.0,105
16,UT00069,CHEPETA,22.0,378
16,UT00069,CHEPETA,23.0,10
16,UT00069,CHEPETA,41.0,400
16,UT00069,CHEPETA,42.0,2908
16,UT00069,CHEPETA,52.0,2544
16,UT00069,CHEPETA,71.0,58
16,UT00069,CHEPETA,81.0,1940
16,UT00069,CHEPETA,82.0,10
16,UT00069,CHEPETA,90.0,7843
16,UT00069,CHEPETA,95.0,1101
17,UT00254,RED CREEK (DUCHESNE),11.0,1
17,UT00254,RED CREEK (DUCHESNE),21.0,216
17,UT00254,RED CREEK (DUCHESNE),22.0,81
17,UT00254,RED CREEK (DUCHESNE),41.0,31
17,UT00254,RED CREEK (DUCHESNE),42.0,127
17,UT00254,RED CREEK (DUCHESNE),52.0,2819
17,UT00254,RED CREEK (DUCHESNE),81.0,201
17,UT00254,RED CREEK (DUCHESNE),90.0,928
18,UT00306,TWIN POTS,11.0,6
18,UT00306,TWIN POTS,21.0,304
18,UT00306,TWIN POTS,22.0,794
18,UT00306,TWIN POTS,23.0,29
18,UT00306,TWIN POTS,31.0,158
18,UT00306,TWIN POTS,41.0,322
18,UT00306,TWIN POTS,42.0,122
18,UT00306,TWIN POTS,52.0,7608
18,UT00306,TWIN POTS,71.0,156
18,UT00306,TWIN POTS,81.0,7378
18,UT00306,TWIN POTS,82.0,1112
18,UT00306,TWIN POTS,90.0,8631
18,UT00306,TWIN POTS,95.0,662
19,UT00095,DUCK FORK,11.0,9
19,UT00095,DUCK FORK,21.0,42
19,UT00095,DUCK FORK,22.0,263
19,UT00095,DUCK FORK,23.0,8
19,UT00095,DUCK FORK,41.0,85
19,UT00095,DUCK FORK,42.0,688
19,UT00095,DUCK FORK,43.0,2
19,UT00095,DUCK FORK,52.0,716
19,UT00095,DUCK FORK,90.0,62
20,UT00100,UTAH POWER & LIGHT - ELECTRIC LAKE,11.0,109
20,UT00100,UTAH POWER & LIGHT - ELECTRIC LAKE,21.0,490
20,UT00100,UTAH POWER & LIGHT - ELECTRIC LAKE,22.0,2594
20,UT00100,UTAH POWER & LIGHT - ELECTRIC LAKE,23.0,224
20,UT00100,UTAH POWER & LIGHT - ELECTRIC LAKE,24.0,29
20,UT00100,UTAH POWER & LIGHT - ELECTRIC LAKE,31.0,38
20,UT00100,UTAH POWER & LIGHT - ELECTRIC LAKE,41.0,91
20,UT00100,UTAH POWER & LIGHT - ELECTRIC LAKE,42.0,2551
20,UT00100,UTAH POWER & LIGHT - ELECTRIC LAKE,52.0,12733
20,UT00100,UTAH POWER & LIGHT - ELECTRIC LAKE,71.0,1
20,UT00100,UTAH POWER & LIGHT - ELECTRIC LAKE,81.0,5310
20,UT00100,UTAH POWER & LIGHT - ELECTRIC LAKE,82.0,3400
20,UT00100,UTAH POWER & LIGHT - ELECTRIC LAKE,90.0,2761
20,UT00100,UTAH POWER & LIGHT - ELECTRIC LAKE,95.0,295
21,UT00187,BOWNS (LOWER),21.0,11
21,UT00187,BOWNS (LOWER),22.0,1
21,UT00187,BOWNS (LOWER),31.0,37
21,UT00187,BOWNS (LOWER),41.0,5
21,UT00187,BOWNS (LOWER),42.0,1495
21,UT00187,BOWNS (LOWER),52.0,4519
21,UT00187,BOWNS (LOWER),81.0,25
21,UT00187,BOWNS (LOWER),82.0,15
21,UT00187,BOWNS (LOWER),90.0,282
22,UT00246,PINE LAKE,21.0,372
22,UT00246,PINE LAKE,22.0,20
22,UT00246,PINE LAKE,42.0,260
22,UT00246,PINE LAKE,52.0,3888
23,UT00227,NEWCASTLE,21.0,824
23,UT00227,NEWCASTLE,22.0,671
23,UT00227,NEWCASTLE,23.0,24
23,UT00227,NEWCASTLE,24.0,6
23,UT00227,NEWCASTLE,31.0,1447
23,UT00227,NEWCASTLE,52.0,121179
23,UT00227,NEWCASTLE,71.0,2
23,UT00227,NEWCASTLE,81.0,1883
23,UT00227,NEWCASTLE,82.0,18370
24,UT00255,RED CREEK (IRON),11.0,6
24,UT00255,RED CREEK (IRON),21.0,1126
24,UT00255,RED CREEK (IRON),22.0,532
24,UT00255,RED CREEK (IRON),23.0,10
24,UT00255,RED CREEK (IRON),41.0,29
24,UT00255,RED CREEK (IRON),42.0,1568
24,UT00255,RED CREEK (IRON),52.0,1198
24,UT00255,RED CREEK (IRON),81.0,103
24,UT00255,RED CREEK (IRON),82.0,3962
24,UT00255,RED CREEK (IRON),90.0,4
25,UT00272,SEVIER BRIDGE,11.0,13145
25,UT00272,SEVIER BRIDGE,21.0,1641
25,UT00272,SEVIER BRIDGE,22.0,25827
25,UT00272,SEVIER BRIDGE,23.0,2018
25,UT00272,SEVIER BRIDGE,24.0,76
25,UT00272,SEVIER BRIDGE,31.0,111991
25,UT00272,SEVIER BRIDGE,42.0,1
25,UT00272,SEVIER BRIDGE,52.0,472228
25,UT00272,SEVIER BRIDGE,71.0,1791
25,UT00272,SEVIER BRIDGE,81.0,6937
25,UT00272,SEVIER BRIDGE,82.0,128418
25,UT00272,SEVIER BRIDGE,90.0,46927
25,UT00272,SEVIER BRIDGE,95.0,21251
26,UT00025,BEAVER CREEK - UPPER (BOX CREEK),11.0,59
26,UT00025,BEAVER CREEK - UPPER (BOX CREEK),21.0,27
26,UT00025,BEAVER CREEK - UPPER (BOX CREEK),22.0,65
26,UT00025,BEAVER CREEK - UPPER (BOX CREEK),41.0,121
26,UT00025,BEAVER CREEK - UPPER (BOX CREEK),42.0,479
26,UT00025,BEAVER CREEK - UPPER (BOX CREEK),52.0,1078
26,UT00025,BEAVER CREEK - UPPER (BOX CREEK),81.0,106
26,UT00025,BEAVER CREEK - UPPER (BOX CREEK),82.0,344
26,UT00025,BEAVER CREEK - UPPER (BOX CREEK),90.0,38
27,UT00249,PIUTE,11.0,3055
27,UT00249,PIUTE,21.0,2729
27,UT00249,PIUTE,22.0,12443
27,UT00249,PIUTE,23.0,1497
27,UT00249,PIUTE,24.0,168
27,UT00249,PIUTE,31.0,11
27,UT00249,PIUTE,41.0,1
27,UT00249,PIUTE,42.0,168
27,UT00249,PIUTE,52.0,45547
27,UT00249,PIUTE,71.0,5
27,UT00249,PIUTE,81.0,61602
27,UT00249,PIUTE,82.0,62228
27,UT00249,PIUTE,90.0,10067
27,UT00249,PIUTE,95.0,9343
28,UT00041,BIRCH CREEK #2,21.0,901
28,UT00041,BIRCH CREEK #2,22.0,429
28,UT00041,BIRCH CREEK #2,23.0,10
28,UT00041,BIRCH CREEK #2,41.0,2
28,UT00041,BIRCH CREEK #2,42.0,1
28,UT00041,BIRCH CREEK #2,52.0,1943
28,UT00041,BIRCH CREEK #2,81.0,9767
28,UT00041,BIRCH CREEK #2,82.0,3037
28,UT00041,BIRCH CREEK #2,90.0,250
28,UT00041,BIRCH CREEK #2,95.0,333
29,UT00332,WOODRUFF CREEK,21.0,764
29,UT00332,WOODRUFF CREEK,22.0,377
29,UT00332,WOODRUFF CREEK,23.0,10
29,UT00332,WOODRUFF CREEK,42.0,4
29,UT00332,WOODRUFF CREEK,52.0,2598
29,UT00332,WOODRUFF CREEK,81.0,9816
29,UT00332,WOODRUFF CREEK,82.0,3037
29,UT00332,WOODRUFF CREEK,90.0,513
29,UT00332,WOODRUFF CREEK,95.0,413
30,UT00304,TWIN LAKES (SALT LAKE),21.0,1014
30,UT00304,TWIN LAKES (SALT LAKE),22.0,4969
30,UT00304,TWIN LAKES (SALT LAKE),23.0,3474
30,UT00304,TWIN LAKES (SALT LAKE),24.0,879
30,UT00304,TWIN LAKES (SALT LAKE),41.0,182
30,UT00304,TWIN LAKES (SALT LAKE),42.0,2161
30,UT00304,TWIN LAKES (SALT LAKE),52.0,275
30,UT00304,TWIN LAKES (SALT LAKE),90.0,150
31,UT00043,BLANDING CITY #4,21.0,4
31,UT00043,BLANDING CITY #4,22.0,7
31,UT00043,BLANDING CITY #4,23.0,2
31,UT00043,BLANDING CITY #4,42.0,143
31,UT00043,BLANDING CITY #4,52.0,366
31,UT00043,BLANDING CITY #4,90.0,117
32,UT00349,LLOYDS LAKE (MONTICELLO),21.0,139
32,UT00349,LLOYDS LAKE (MONTICELLO),22.0,19
32,UT00349,LLOYDS LAKE (MONTICELLO),23.0,5
32,UT00349,LLOYDS LAKE (MONTICELLO),41.0,1
32,UT00349,LLOYDS LAKE (MONTICELLO),42.0,16
32,UT00349,LLOYDS LAKE (MONTICELLO),52.0,467
32,UT00349,LLOYDS LAKE (MONTICELLO),81.0,89
32,UT00349,LLOYDS LAKE (MONTICELLO),82.0,52
32,UT00349,LLOYDS LAKE (MONTICELLO),90.0,223
33,UT00199,STARVATION CANYON,21.0,41
33,UT00199,STARVATION CANYON,22.0,12
33,UT00199,STARVATION CANYON,42.0,200
33,UT00199,STARVATION CANYON,52.0,1163
33,UT00199,STARVATION CANYON,90.0,112
34,UT00130,GUNNISON,11.0,490
34,UT00130,GUNNISON,21.0,885
34,UT00130,GUNNISON,22.0,2166
34,UT00130,GUNNISON,23.0,244
34,UT00130,GUNNISON,24.0,48
34,UT00130,GUNNISON,31.0,15
34,UT00130,GUNNISON,52.0,7627
34,UT00130,GUNNISON,71.0,3
34,UT00130,GUNNISON,81.0,4192
34,UT00130,GUNNISON,82.0,10453
34,UT00130,GUNNISON,90.0,4843
34,UT00130,GUNNISON,95.0,5039
35,UT00138,NINEMILE,11.0,195
35,UT00138,NINEMILE,21.0,380
35,UT00138,NINEMILE,22.0,829
35,UT00138,NINEMILE,23.0,79
35,UT00138,NINEMILE,24.0,8
35,UT00138,NINEMILE,52.0,3030
35,UT00138,NINEMILE,81.0,1140
35,UT00138,NINEMILE,82.0,2162
35,UT00138,NINEMILE,90.0,3204
35,UT00138,NINEMILE,95.0,954
36,UT00644,COTTONWOOD WASH DETENTION BASIN,21.0,282
36,UT00644,COTTONWOOD WASH DETENTION BASIN,22.0,1481
36,UT00644,COTTONWOOD WASH DETENTION BASIN,23.0,806
36,UT00644,COTTONWOOD WASH DETENTION BASIN,24.0,211
36,UT00644,COTTONWOOD WASH DETENTION BASIN,52.0,47
36,UT00644,COTTONWOOD WASH DETENTION BASIN,81.0,2585
36,UT00644,COTTONWOOD WASH DETENTION BASIN,82.0,1
36,UT00644,COTTONWOOD WASH DETENTION BASIN,90.0,42
36,UT00644,COTTONWOOD WASH DETENTION BASIN,95.0,41
37,UT00644,COTTONWOOD WASH DETENTION BASIN,21.0,649
37,UT00644,COTTONWOOD WASH DETENTION BASIN,22.0,1996
37,UT00644,COTTONWOOD WASH DETENTION BASIN,23.0,949
37,UT00644,COTTONWOOD WASH DETENTION BASIN,24.0,167
37,UT00644,COTTONWOOD WASH DETENTION BASIN,52.0,210
37,UT00644,COTTONWOOD WASH DETENTION BASIN,81.0,5237
37,UT00644,COTTONWOOD WASH DETENTION BASIN,82.0,860
37,UT00644,COTTONWOOD WASH DETENTION BASIN,90.0,63
37,UT00644,COTTONWOOD WASH DETENTION BASIN,95.0,52
38,UT00644,COTTONWOOD WASH DETENTION BASIN,21.0,444
38,UT00644,COTTONWOOD WASH DETENTION BASIN,22.0,583
38,UT00644,COTTONWOOD WASH DETENTION BASIN,23.0,69
38,UT00644,COTTONWOOD WASH DETENTION BASIN,24.0,3
38,UT00644,COTTONWOOD WASH DETENTION BASIN,52.0,539
38,UT00644,COTTONWOOD WASH DETENTION BASIN,81.0,2674
38,UT00644,COTTONWOOD WASH DETENTION BASIN,82.0,2183
38,UT00644,COTTONWOOD WASH DETENTION BASIN,90.0,20
38,UT00644,COTTONWOOD WASH DETENTION BASIN,95.0,8
39,UT00117,FORSYTH,41.0,22
39,UT00117,FORSYTH,42.0,90
39,UT00117,FORSYTH,52.0,137
40,UT00257,REX,21.0,33
40,UT00257,REX,22.0,28
40,UT00257,REX,41.0,628
40,UT00257,REX,42.0,267
40,UT00257,REX,43.0,2
40,UT00257,REX,52.0,1238
40,UT00257,REX,81.0,267
40,UT00257,REX,90.0,13
40,UT00257,REX,95.0,24
41,UT00257,REX,11.0,42
41,UT00257,REX,21.0,10
41,UT00257,REX,22.0,232
41,UT00257,REX,23.0,21
41,UT00257,REX,41.0,171
41,UT00257,REX,42.0,863
41,UT00257,REX,52.0,2300
41,UT00257,REX,81.0,1481
41,UT00257,REX,82.0,180
41,UT00257,REX,90.0,522
41,UT00257,REX,95.0,132
42,UT00280,SMITH AND MOREHOUSE,11.0,6
42,UT00280,SMITH AND MOREHOUSE,21.0,1032
42,UT00280,SMITH AND MOREHOUSE,22.0,1134
42,UT00280,SMITH AND MOREHOUSE,23.0,45
42,UT00280,SMITH AND MOREHOUSE,24.0,12
42,UT00280,SMITH AND MOREHOUSE,41.0,859
42,UT00280,SMITH AND MOREHOUSE,42.0,611
42,UT00280,SMITH AND MOREHOUSE,52.0,2223
42,UT00280,SMITH AND MOREHOUSE,81.0,8310
42,UT00280,SMITH AND MOREHOUSE,90.0,2724
42,UT00280,SMITH AND MOREHOUSE,95.0,340
43,UT00301,TRIAL LAKE,11.0,3
43,UT00301,TRIAL LAKE,21.0,757
43,UT00301,TRIAL LAKE,22.0,1812
43,UT00301,TRIAL LAKE,23.0,46
43,UT00301,TRIAL LAKE,41.0,1218
43,UT00301,TRIAL LAKE,42.0,2948
43,UT00301,TRIAL LAKE,52.0,1517
43,UT00301,TRIAL LAKE,81.0,5347
43,UT00301,TRIAL LAKE,90.0,3110
43,UT00301,TRIAL LAKE,95.0,212
44,UT00324,WHITNEY,11.0,9
44,UT00324,WHITNEY,21.0,140
44,UT00324,WHITNEY,22.0,107
44,UT00324,WHITNEY,41.0,1021
44,UT00324,WHITNEY,42.0,156
44,UT00324,WHITNEY,52.0,7299
44,UT00324,WHITNEY,81.0,3376
44,UT00324,WHITNEY,90.0,5443
44,UT00324,WHITNEY,95.0,1148
45,UT00343,GRANTSVILLE,11.0,48
45,UT00343,GRANTSVILLE,21.0,1120
45,UT00343,GRANTSVILLE,22.0,2067
45,UT00343,GRANTSVILLE,23.0,903
45,UT00343,GRANTSVILLE,24.0,30
45,UT00343,GRANTSVILLE,31.0,30
45,UT00343,GRANTSVILLE,52.0,6843
45,UT00343,GRANTSVILLE,71.0,782
45,UT00343,GRANTSVILLE,81.0,1868
45,UT00343,GRANTSVILLE,82.0,1377
45,UT00343,GRANTSVILLE,90.0,88
45,UT00343,GRANTSVILLE,95.0,1264
46,UT00353,BROUGH,11.0,3635
46,UT00353,BROUGH,21.0,45
46,UT00353,BROUGH,22.0,42
46,UT00353,BROUGH,23.0,18
46,UT00353,BROUGH,24.0,2
46,UT00353,BROUGH,31.0,3
46,UT00353,BROUGH,52.0,2494
46,UT00353,BROUGH,81.0,176
46,UT00353,BROUGH,82.0,363
46,UT00353,BROUGH,90.0,2613
46,UT00353,BROUGH,95.0,164
47,UT00353,BROUGH,11.0,377
47,UT00353,BROUGH,21.0,63
47,UT00353,BROUGH,22.0,42
47,UT00353,BROUGH,52.0,5111
47,UT00353,BROUGH,81.0,729
47,UT00353,BROUGH,82.0,307
47,UT00353,BROUGH,90.0,8950
47,UT00353,BROUGH,95.0,185
48,UT00061,CALDER (ZELPH),11.0,374
48,UT00061,CALDER (ZELPH),21.0,33
48,UT00061,CALDER (ZELPH),22.0,8
48,UT00061,CALDER (ZELPH),42.0,715
48,UT00061,CALDER (ZELPH),52.0,3184
48,UT00061,CALDER (ZELPH),71.0,12
48,UT00061,CALDER (ZELPH),90.0,208
48,UT00061,CALDER (ZELPH),95.0,272
49,UT00390,COTTONWOOD,11.0,428
49,UT00390,COTTONWOOD,21.0,128
49,UT00390,COTTONWOOD,22.0,202
49,UT00390,COTTONWOOD,23.0,4
49,UT00390,COTTONWOOD,52.0,7991
49,UT00390,COTTONWOOD,81.0,1973
49,UT00390,COTTONWOOD,82.0,1754
49,UT00390,COTTONWOOD,90.0,15357
49,UT00390,COTTONWOOD,95.0,163
50,UT00624,LAPOINT,11.0,8
50,UT00624,LAPOINT,21.0,480
50,UT00624,LAPOINT,22.0,217
50,UT00624,LAPOINT,23.0,3
50,UT00624,LAPOINT,52.0,1632
50,UT00624,LAPOINT,81.0,6734
50,UT00624,LAPOINT,82.0,962
50,UT00624,LAPOINT,90.0,4847
50,UT00624,LAPOINT,95.0,152
51,UT00216,MONTES CREEK,11.0,47
51,UT00216,MONTES CREEK,21.0,25
51,UT00216,MONTES CREEK,22.0,30
51,UT00216,MONTES CREEK,23.0,1
51,UT00216,MONTES CREEK,52.0,322
51,UT00216,MONTES CREEK,81.0,769
51,UT00216,MONTES CREEK,82.0,131
51,UT00216,MONTES CREEK,90.0,685
51,UT00216,MONTES CREEK,95.0,294
52,UT00234,OAKS PARK,11.0,1041
52,UT00234,OAKS PARK,21.0,8
52,UT00234,OAKS PARK,22.0,33
52,UT00234,OAKS PARK,41.0,73
52,UT00234,OAKS PARK,42.0,1057
52,UT00234,OAKS PARK,52.0,961
52,UT00234,OAKS PARK,81.0,129
52,UT00234,OAKS PARK,82.0,6
52,UT00234,OAKS PARK,90.0,136
53,UT00276,NORTH UTAH COUNTY - SILVER LAKE FLAT,11.0,622
53,UT00276,NORTH UTAH COUNTY - SILVER LAKE FLAT,21.0,1654
53,UT00276,NORTH UTAH COUNTY - SILVER LAKE FLAT,22.0,9118
53,UT00276,NORTH UTAH COUNTY - SILVER LAKE FLAT,23.0,14401
53,UT00276,NORTH UTAH COUNTY - SILVER LAKE FLAT,24.0,3370
53,UT00276,NORTH UTAH COUNTY - SILVER LAKE FLAT,41.0,157
53,UT00276,NORTH UTAH COUNTY - SILVER LAKE FLAT,42.0,1264
53,UT00276,NORTH UTAH COUNTY - SILVER LAKE FLAT,52.0,321
53,UT00276,NORTH UTAH COUNTY - SILVER LAKE FLAT,71.0,10
53,UT00276,NORTH UTAH COUNTY - SILVER LAKE FLAT,81.0,957
53,UT00276,NORTH UTAH COUNTY - SILVER LAKE FLAT,82.0,4490
53,UT00276,NORTH UTAH COUNTY - SILVER LAKE FLAT,90.0,385
53,UT00276,NORTH UTAH COUNTY - SILVER LAKE FLAT,95.0,2024
54,UT00330,WITT LAKE,11.0,2
54,UT00330,WITT LAKE,21.0,1196
54,UT00330,WITT LAKE,22.0,3638
54,UT00330,WITT LAKE,23.0,1564
54,UT00330,WITT LAKE,24.0,167
54,UT00330,WITT LAKE,41.0,239
54,UT00330,WITT LAKE,42.0,56
54,UT00330,WITT LAKE,52.0,1111
54,UT00330,WITT LAKE,81.0,1729
54,UT00330,WITT LAKE,82.0,527
54,UT00330,WITT LAKE,90.0,11
54,UT00330,WITT LAKE,95.0,12
55,UT00010,ASH CREEK,11.0,64
55,UT00010,ASH CREEK,21.0,1486
55,UT00010,ASH CREEK,22.0,1894
55,UT00010,ASH CREEK,23.0,531
55,UT00010,ASH CREEK,24.0,66
55,UT00010,ASH CREEK,31.0,11
55,UT00010,ASH CREEK,42.0,135
55,UT00010,ASH CREEK,52.0,9358
55,UT00010,ASH CREEK,71.0,3
55,UT00010,ASH CREEK,81.0,799
55,UT00010,ASH CREEK,82.0,235
55,UT00010,ASH CREEK,90.0,5728
55,UT00010,ASH CREEK,95.0,106
56,UT00189,ENTERPRISE (LOWER),11.0,97
56,UT00189,ENTERPRISE (LOWER),21.0,1976
56,UT00189,ENTERPRISE (LOWER),22.0,2883
56,UT00189,ENTERPRISE (LOWER),23.0,170
56,UT00189,ENTERPRISE (LOWER),24.0,6
56,UT00189,ENTERPRISE (LOWER),31.0,413
56,UT00189,ENTERPRISE (LOWER),42.0,236
56,UT00189,ENTERPRISE (LOWER),52.0,86430
56,UT00189,ENTERPRISE (LOWER),71.0,123
56,UT00189,ENTERPRISE (LOWER),81.0,3434
56,UT00189,ENTERPRISE (LOWER),82.0,45370
56,UT00189,ENTERPRISE (LOWER),90.0,296
56,UT00189,ENTERPRISE (LOWER),95.0,9
57,UT00309,ENTERPRISE (UPPER),11.0,209
57,UT00309,ENTERPRISE (UPPER),21.0,1976
57,UT00309,ENTERPRISE (UPPER),22.0,2885
57,UT00309,ENTERPRISE (UPPER),23.0,170
57,UT00309,ENTERPRISE (UPPER),24.0,6
57,UT00309,ENTERPRISE (UPPER),31.0,413
57,UT00309,ENTERPRISE (UPPER),42.0,219
57,UT00309,ENTERPRISE (UPPER),52.0,86630
57,UT00309,ENTERPRISE (UPPER),71.0,123
57,UT00309,ENTERPRISE (UPPER),81.0,3434
57,UT00309,ENTERPRISE (UPPER),82.0,45370
57,UT00309,ENTERPRISE (UPPER),90.0,299
57,UT00309,ENTERPRISE (UPPER),95.0,28
58,UT00129,GUNLOCK,11.0,2
58,UT00129,GUNLOCK,21.0,1552
58,UT00129,GUNLOCK,22.0,2278
58,UT00129,GUNLOCK,23.0,1182
58,UT00129,GUNLOCK,24.0,122
58,UT00129,GUNLOCK,41.0,2
58,UT00129,GUNLOCK,43.0,13
58,UT00129,GUNLOCK,52.0,5043
58,UT00129,GUNLOCK,81.0,333
58,UT00129,GUNLOCK,82.0,348
58,UT00129,GUNLOCK,90.0,1906
58,UT00129,GUNLOCK,95.0,67
59,UT00164,KOLOB CREEK,11.0,149
59,UT00164,KOLOB CREEK,21.0,692
59,UT00164,KOLOB CREEK,22.0,946
59,UT00164,KOLOB CREEK,23.0,365
59,UT00164,KOLOB CREEK,24.0,52
59,UT00164,KOLOB CREEK,31.0,1
59,UT00164,KOLOB CREEK,41.0,135
59,UT00164,KOLOB CREEK,42.0,979
59,UT00164,KOLOB CREEK,52.0,8678
59,UT00164,KOLOB CREEK,81.0,1327
59,UT00164,KOLOB CREEK,82.0,249
59,UT00164,KOLOB CREEK,90.0,6966
59,UT00164,KOLOB CREEK,95.0,84
60,UT00514,QUAIL CREEK,11.0,67
60,UT00514,QUAIL CREEK,21.0,1872
60,UT00514,QUAIL CREEK,22.0,2564
60,UT00514,QUAIL CREEK,23.0,1498
60,UT00514,QUAIL CREEK,24.0,120
60,UT00514,QUAIL CREEK,31.0,1
60,UT00514,QUAIL CREEK,52.0,7343
60,UT00514,QUAIL CREEK,81.0,765
60,UT00514,QUAIL CREEK,82.0,756
60,UT00514,QUAIL CREEK,90.0,5897
60,UT00514,QUAIL CREEK,95.0,97
61,UT00710,QUAIL CREEK SOUTH DAM,11.0,61
61,UT00710,QUAIL CREEK SOUTH DAM,21.0,1888
61,UT00710,QUAIL CREEK SOUTH DAM,22.0,2531
61,UT00710,QUAIL CREEK SOUTH DAM,23.0,1445
61,UT00710,QUAIL CREEK SOUTH DAM,24.0,126
61,UT00710,QUAIL CREEK SOUTH DAM,31.0,3
61,UT00710,QUAIL CREEK SOUTH DAM,52.0,7684
61,UT00710,QUAIL CREEK SOUTH DAM,81.0,684
61,UT00710,QUAIL CREEK SOUTH DAM,82.0,756
61,UT00710,QUAIL CREEK SOUTH DAM,90.0,5523
61,UT00710,QUAIL CREEK SOUTH DAM,95.0,96
62,UT00588,SOUTH CREEK - WASHINGTON CO,11.0,163
62,UT00588,SOUTH CREEK - WASHINGTON CO,21.0,630
62,UT00588,SOUTH CREEK - WASHINGTON CO,22.0,712
62,UT00588,SOUTH CREEK - WASHINGTON CO,23.0,306
62,UT00588,SOUTH CREEK - WASHINGTON CO,24.0,27
62,UT00588,SOUTH CREEK - WASHINGTON CO,31.0,1
62,UT00588,SOUTH CREEK - WASHINGTON CO,52.0,7913
62,UT00588,SOUTH CREEK - WASHINGTON CO,81.0,1361
62,UT00588,SOUTH CREEK - WASHINGTON CO,82.0,326
62,UT00588,SOUTH CREEK - WASHINGTON CO,90.0,7377
62,UT00588,SOUTH CREEK - WASHINGTON CO,95.0,107
63,UT00396,WARNER DRAW,11.0,9
63,UT00396,WARNER DRAW,21.0,963
63,UT00396,WARNER DRAW,22.0,1568
63,UT00396,WARNER DRAW,23.0,1139
63,UT00396,WARNER DRAW,24.0,32
63,UT00396,WARNER DRAW,52.0,1372
63,UT00396,WARNER DRAW,81.0,95
63,UT00396,WARNER DRAW,82.0,879
63,UT00396,WARNER DRAW,90.0,191
63,UT00396,WARNER DRAW,95.0,4
64,UT00208,MILL MEADOW,11.0,12
64,UT00208,MILL MEADOW,21.0,162
64,UT00208,MILL MEADOW,22.0,480
64,UT00208,MILL MEADOW,23.0,25
64,UT00208,MILL MEADOW,41.0,27
64,UT00208,MILL MEADOW,42.0,268
64,UT00208,MILL MEADOW,52.0,2998
64,UT00208,MILL MEADOW,81.0,8687
64,UT00208,MILL MEADOW,82.0,2920
64,UT00208,MILL MEADOW,90.0,1277
64,UT00208,MILL MEADOW,95.0,618
65,UT00039,KENNECOTT MINE BINGHAM CREEK,21.0,1230
65,UT00039,KENNECOTT MINE BINGHAM CREEK,22.0,3940
65,UT00039,KENNECOTT MINE BINGHAM CREEK,23.0,4451
65,UT00039,KENNECOTT MINE BINGHAM CREEK,24.0,652
65,UT00039,KENNECOTT MINE BINGHAM CREEK,52.0,1041
65,UT00039,KENNECOTT MINE BINGHAM CREEK,82.0,59
65,UT00039,KENNECOTT MINE BINGHAM CREEK,90.0,2
66,UT00210,MILLER FLAT,21.0,216
66,UT00210,MILLER FLAT,22.0,1146
66,UT00210,MILLER FLAT,23.0,129
66,UT00210,MILLER FLAT,24.0,13
66,UT00210,MILLER FLAT,41.0,71
66,UT00210,MILLER FLAT,42.0,3315
66,UT00210,MILLER FLAT,52.0,4324
66,UT00210,MILLER FLAT,71.0,2
66,UT00210,MILLER FLAT,81.0,2015
66,UT00210,MILLER FLAT,82.0,623
66,UT00210,MILLER FLAT,90.0,619
66,UT00210,MILLER FLAT,95.0,30
67,UT00071,CLEVELAND,21.0,267
67,UT00071,CLEVELAND,22.0,1150
67,UT00071,CLEVELAND,23.0,129
67,UT00071,CLEVELAND,24.0,13
67,UT00071,CLEVELAND,41.0,305
67,UT00071,CLEVELAND,42.0,3363
67,UT00071,CLEVELAND,43.0,1
67,UT00071,CLEVELAND,52.0,5009
67,UT00071,CLEVELAND,71.0,2
67,UT00071,CLEVELAND,81.0,2015
67,UT00071,CLEVELAND,82.0,623
67,UT00071,CLEVELAND,90.0,673
67,UT00071,CLEVELAND,95.0,30
68,UT00144,HUNTINGTON,11.0,10
68,UT00144,HUNTINGTON,21.0,318
68,UT00144,HUNTINGTON,22.0,1165
68,UT00144,HUNTINGTON,23.0,129
68,UT00144,HUNTINGTON,24.0,13
68,UT00144,HUNTINGTON,41.0,367
68,UT00144,HUNTINGTON,42.0,3411
68,UT00144,HUNTINGTON,43.0,2
68,UT00144,HUNTINGTON,52.0,5567
68,UT00144,HUNTINGTON,71.0,2
68,UT00144,HUNTINGTON,81.0,2015
68,UT00144,HUNTINGTON,82.0,623
68,UT00144,HUNTINGTON,90.0,762
68,UT00144,HUNTINGTON,95.0,30
69,UT00158,JULIUS FLAT,21.0,41
69,UT00158,JULIUS FLAT,22.0,287
69,UT00158,JULIUS FLAT,23.0,13
69,UT00158,JULIUS FLAT,31.0,7
69,UT00158,JULIUS FLAT,41.0,86
69,UT00158,JULIUS FLAT,42.0,841
69,UT00158,JULIUS FLAT,52.0,3561
69,UT00158,JULIUS FLAT,81.0,329
69,UT00158,JULIUS FLAT,90.0,5
70,UT00289,SPINNERS,11.0,3
70,UT00289,SPINNERS,21.0,78
70,UT00289,SPINNERS,22.0,384
70,UT00289,SPINNERS,23.0,13
70,UT00289,SPINNERS,31.0,7
70,UT00289,SPINNERS,41.0,71
70,UT00289,SPINNERS,42.0,853
70,UT00289,SPINNERS,52.0,3288
70,UT00289,SPINNERS,71.0,6
70,UT00289,SPINNERS,81.0,329
70,UT00289,SPINNERS,90.0,18
71,UT00221,MOUNTAIN DELL,11.0,26
71,UT00221,MOUNTAIN DELL,21.0,1235
71,UT00221,MOUNTAIN DELL,22.0,3342
71,UT00221,MOUNTAIN DELL,23.0,7897
71,UT00221,MOUNTAIN DELL,24.0,4681
71,UT00221,MOUNTAIN DELL,31.0,3
71,UT00221,MOUNTAIN DELL,41.0,25
71,UT00221,MOUNTAIN DELL,42.0,28
71,UT00221,MOUNTAIN DELL,52.0,586
71,UT00221,MOUNTAIN DELL,81.0,427
71,UT00221,MOUNTAIN DELL,82.0,129
71,UT00221,MOUNTAIN DELL,90.0,446
71,UT00221,MOUNTAIN DELL,95.0,1016
72,UT00124,GRASS VALLEY,21.0,10
72,UT00124,GRASS VALLEY,22.0,22
72,UT00124,GRASS VALLEY,41.0,22
72,UT00124,GRASS VALLEY,42.0,2234
72,UT00124,GRASS VALLEY,52.0,641
72,UT00124,GRASS VALLEY,81.0,172
72,UT00124,GRASS VALLEY,90.0,177
73,UT00393,KEN'S LAKE,11.0,25
73,UT00393,KEN'S LAKE,21.0,1217
73,UT00393,KEN'S LAKE,22.0,1133
73,UT00393,KEN'S LAKE,23.0,259
73,UT00393,KEN'S LAKE,24.0,102
73,UT00393,KEN'S LAKE,52.0,2617
73,UT00393,KEN'S LAKE,81.0,771
73,UT00393,KEN'S LAKE,82.0,177
73,UT00393,KEN'S LAKE,90.0,995
73,UT00393,KEN'S LAKE,95.0,2
74,UT00312,VERNON,21.0,92
74,UT00312,VERNON,22.0,40
74,UT00312,VERNON,42.0,1
74,UT00312,VERNON,52.0,2112
74,UT00312,VERNON,71.0,109
74,UT00312,VERNON,81.0,23
74,UT00312,VERNON,82.0,1240
74,UT00312,VERNON,90.0,10
74,UT00312,VERNON,95.0,5
75,UT00212,MILLSITE,11.0,62
75,UT00212,MILLSITE,21.0,660
75,UT00212,MILLSITE,22.0,3283
75,UT00212,MILLSITE,23.0,350
75,UT00212,MILLSITE,24.0,22
75,UT00212,MILLSITE,31.0,54
75,UT00212,MILLSITE,42.0,2
75,UT00212,MILLSITE,52.0,16680
75,UT00212,MILLSITE,81.0,9090
75,UT00212,MILLSITE,82.0,6569
75,UT00212,MILLSITE,90.0,1062
75,UT00212,MILLSITE,95.0,537
76,UT00286,SPECTACLE LAKE,11.0,7
76,UT00286,SPECTACLE LAKE,21.0,81
76,UT00286,SPECTACLE LAKE,22.0,317
76,UT00286,SPECTACLE LAKE,23.0,16
76,UT00286,SPECTACLE LAKE,31.0,32
76,UT00286,SPECTACLE LAKE,41.0,201
76,UT00286,SPECTACLE LAKE,42.0,1190
76,UT00286,SPECTACLE LAKE,43.0,25
76,UT00286,SPECTACLE LAKE,52.0,1523
76,UT00286,SPECTACLE LAKE,81.0,199
76,UT00286,SPECTACLE LAKE,82.0,194
76,UT00286,SPECTACLE LAKE,90.0,287
77,UT00313,WALL LAKE,11.0,190
77,UT00313,WALL LAKE,21.0,752
77,UT00313,WALL LAKE,22.0,1809
77,UT00313,WALL LAKE,23.0,46
77,UT00313,WALL LAKE,31.0,1
77,UT00313,WALL LAKE,41.0,1221
77,UT00313,WALL LAKE,42.0,3247
77,UT00313,WALL LAKE,52.0,1526
77,UT00313,WALL LAKE,71.0,5
77,UT00313,WALL LAKE,81.0,5347
77,UT00313,WALL LAKE,90.0,3118
77,UT00313,WALL LAKE,95.0,212
78,UT00285,SOUTH JUNCTION,21.0,58
78,UT00285,SOUTH JUNCTION,22.0,25
78,UT00285,SOUTH JUNCTION,52.0,837
78,UT00285,SOUTH JUNCTION,81.0,1163
78,UT00285,SOUTH JUNCTION,82.0,838
78,UT00285,SOUTH JUNCTION,90.0,247
78,UT00285,SOUTH JUNCTION,95.0,620
79,UT00052,BOYER LAKE,21.0,418
79,UT00052,BOYER LAKE,22.0,877
79,UT00052,BOYER LAKE,23.0,99
79,UT00052,BOYER LAKE,24.0,3
79,UT00052,BOYER LAKE,41.0,731
79,UT00052,BOYER LAKE,42.0,562
79,UT00052,BOYER LAKE,52.0,2585
79,UT00052,BOYER LAKE,81.0,5837
79,UT00052,BOYER LAKE,82.0,843
79,UT00052,BOYER LAKE,90.0,529
79,UT00052,BOYER LAKE,95.0,11
80,UT00380,LOGAN FIRST DAM,11.0,71
80,UT00380,LOGAN FIRST DAM,21.0,1549
80,UT00380,LOGAN FIRST DAM,22.0,3159
80,UT00380,LOGAN FIRST DAM,23.0,1518
80,UT00380,LOGAN FIRST DAM,24.0,138
80,UT00380,LOGAN FIRST DAM,41.0,34
80,UT00380,LOGAN FIRST DAM,42.0,172
80,UT00380,LOGAN FIRST DAM,52.0,123
80,UT00380,LOGAN FIRST DAM,81.0,3760
80,UT00380,LOGAN FIRST DAM,82.0,2488
80,UT00380,LOGAN FIRST DAM,90.0,576
80,UT00380,LOGAN FIRST DAM,95.0,244
81,UT00830,CEDAR CITY - FIDDLER CANYON #2,11.0,34
81,UT00830,CEDAR CITY - FIDDLER CANYON #2,21.0,1114
81,UT00830,CEDAR CITY - FIDDLER CANYON #2,22.0,1010
81,UT00830,CEDAR CITY - FIDDLER CANYON #2,23.0,528
81,UT00830,CEDAR CITY - FIDDLER CANYON #2,24.0,37
81,UT00830,CEDAR CITY - FIDDLER CANYON #2,42.0,3
81,UT00830,CEDAR CITY - FIDDLER CANYON #2,52.0,3077
81,UT00830,CEDAR CITY - FIDDLER CANYON #2,81.0,878
81,UT00830,CEDAR CITY - FIDDLER CANYON #2,82.0,3170
81,UT00830,CEDAR CITY - FIDDLER CANYON #2,90.0,4
82,UT00833,CEDAR CITY - STEPHENS CANYON NORTH,21.0,298
82,UT00833,CEDAR CITY - STEPHENS CANYON NORTH,22.0,595
82,UT00833,CEDAR CITY - STEPHENS CANYON NORTH,23.0,449
82,UT00833,CEDAR CITY - STEPHENS CANYON NORTH,24.0,61
82,UT00833,CEDAR CITY - STEPHENS CANYON NORTH,52.0,36
82,UT00833,CEDAR CITY - STEPHENS CANYON NORTH,81.0,2
83,UT00834,CEDAR CITY - STEPHENS CANYON SOUTH,21.0,295
83,UT00834,CEDAR CITY - STEPHENS CANYON SOUTH,22.0,610
83,UT00834,CEDAR CITY - STEPHENS CANYON SOUTH,23.0,447
83,UT00834,CEDAR CITY - STEPHENS CANYON SOUTH,24.0,61
83,UT00834,CEDAR CITY - STEPHENS CANYON SOUTH,52.0,45
83,UT00834,CEDAR CITY - STEPHENS CANYON SOUTH,81.0,2
84,UT00161,KENTS LAKE #1,11.0,199
84,UT00161,KENTS LAKE #1,21.0,462
84,UT00161,KENTS LAKE #1,22.0,1272
84,UT00161,KENTS LAKE #1,23.0,90
84,UT00161,KENTS LAKE #1,24.0,1
84,UT00161,KENTS LAKE #1,41.0,5
84,UT00161,KENTS LAKE #1,42.0,703
84,UT00161,KENTS LAKE #1,52.0,736
84,UT00161,KENTS LAKE #1,71.0,2
84,UT00161,KENTS LAKE #1,81.0,8890
84,UT00161,KENTS LAKE #1,82.0,347
84,UT00161,KENTS LAKE #1,90.0,148
84,UT00161,KENTS LAKE #1,95.0,4
85,UT00162,KENTS LAKE #2,11.0,21
85,UT00162,KENTS LAKE #2,21.0,394
85,UT00162,KENTS LAKE #2,22.0,1108
85,UT00162,KENTS LAKE #2,23.0,79
85,UT00162,KENTS LAKE #2,24.0,1
85,UT00162,KENTS LAKE #2,41.0,3
85,UT00162,KENTS LAKE #2,42.0,576
85,UT00162,KENTS LAKE #2,52.0,480
85,UT00162,KENTS LAKE #2,81.0,6217
85,UT00162,KENTS LAKE #2,82.0,79
85,UT00162,KENTS LAKE #2,90.0,143
86,UT00194,MANDERFIELD (AKA BEAVER),21.0,384
86,UT00194,MANDERFIELD (AKA BEAVER),22.0,390
86,UT00194,MANDERFIELD (AKA BEAVER),23.0,81
86,UT00194,MANDERFIELD (AKA BEAVER),41.0,24
86,UT00194,MANDERFIELD (AKA BEAVER),42.0,891
86,UT00194,MANDERFIELD (AKA BEAVER),52.0,15792
86,UT00194,MANDERFIELD (AKA BEAVER),71.0,10
86,UT00194,MANDERFIELD (AKA BEAVER),81.0,2220
86,UT00194,MANDERFIELD (AKA BEAVER),82.0,295
86,UT00194,MANDERFIELD (AKA BEAVER),90.0,39
86,UT00194,MANDERFIELD (AKA BEAVER),95.0,19
87,UT00298,THREE CREEKS - BEAVER,21.0,627
87,UT00298,THREE CREEKS - BEAVER,22.0,1517
87,UT00298,THREE CREEKS - BEAVER,23.0,115
87,UT00298,THREE CREEKS - BEAVER,24.0,2
87,UT00298,THREE CREEKS - BEAVER,42.0,525
87,UT00298,THREE CREEKS - BEAVER,52.0,866
87,UT00298,THREE CREEKS - BEAVER,81.0,10366
87,UT00298,THREE CREEKS - BEAVER,82.0,352
87,UT00298,THREE CREEKS - BEAVER,90.0,197
88,UT00196,MANTUA,11.0,33
88,UT00196,MANTUA,21.0,298
88,UT00196,MANTUA,22.0,1047
88,UT00196,MANTUA,23.0,639
88,UT00196,MANTUA,24.0,25
88,UT00196,MANTUA,31.0,7
88,UT00196,MANTUA,41.0,29
88,UT00196,MANTUA,42.0,55
88,UT00196,MANTUA,52.0,374
88,UT00196,MANTUA,81.0,393
88,UT00196,MANTUA,82.0,269
88,UT00196,MANTUA,90.0,78
88,UT00196,MANTUA,95.0,58
89,UT00573,THREE MILE CREEK - PERRY,21.0,54
89,UT00573,THREE MILE CREEK - PERRY,22.0,519
89,UT00573,THREE MILE CREEK - PERRY,23.0,240
89,UT00573,THREE MILE CREEK - PERRY,52.0,7
89,UT00573,THREE MILE CREEK - PERRY,81.0,112
89,UT00573,THREE MILE CREEK - PERRY,82.0,532
89,UT00573,THREE MILE CREEK - PERRY,90.0,95
90,UT10110,TONY GROVE LAKE DAM,21.0,18
90,UT10110,TONY GROVE LAKE DAM,22.0,9
90,UT10110,TONY GROVE LAKE DAM,41.0,176
90,UT10110,TONY GROVE LAKE DAM,42.0,78
90,UT10110,TONY GROVE LAKE DAM,52.0,71
90,UT10110,TONY GROVE LAKE DAM,90.0,5
91,UT00126,GRASSY TRAIL,11.0,1
91,UT00126,GRASSY TRAIL,21.0,365
91,UT00126,GRASSY TRAIL,22.0,540
91,UT00126,GRASSY TRAIL,23.0,32
91,UT00126,GRASSY TRAIL,24.0,2
91,UT00126,GRASSY TRAIL,41.0,81
91,UT00126,GRASSY TRAIL,42.0,373
91,UT00126,GRASSY TRAIL,52.0,1560
91,UT00126,GRASSY TRAIL,81.0,4
91,UT00126,GRASSY TRAIL,82.0,8
91,UT00126,GRASSY TRAIL,90.0,19
92,UT00776,BOUNTIFUL - EAGLE RIDGE,21.0,4
92,UT00776,BOUNTIFUL - EAGLE RIDGE,22.0,35
92,UT00776,BOUNTIFUL - EAGLE RIDGE,23.0,2
93,UT00152,DAVIS - BARTON CREEK,21.0,74
93,UT00152,DAVIS - BARTON CREEK,22.0,1027
93,UT00152,DAVIS - BARTON CREEK,23.0,1642
93,UT00152,DAVIS - BARTON CREEK,24.0,592
93,UT00152,DAVIS - BARTON CREEK,52.0,1
93,UT00152,DAVIS - BARTON CREEK,90.0,7
94,UT00692,DAVIS - FARMINGTON POND,21.0,405
94,UT00692,DAVIS - FARMINGTON POND,22.0,960
94,UT00692,DAVIS - FARMINGTON POND,23.0,1541
94,UT00692,DAVIS - FARMINGTON POND,24.0,679
94,UT00692,DAVIS - FARMINGTON POND,81.0,254
94,UT00692,DAVIS - FARMINGTON POND,90.0,28
94,UT00692,DAVIS - FARMINGTON POND,95.0,25
95,UT00461,DAVIS - HOLMES CREEK,21.0,89
95,UT00461,DAVIS - HOLMES CREEK,22.0,371
95,UT00461,DAVIS - HOLMES CREEK,23.0,250
95,UT00461,DAVIS - HOLMES CREEK,24.0,108
95,UT00461,DAVIS - HOLMES CREEK,52.0,1
95,UT00461,DAVIS - HOLMES CREEK,81.0,29
95,UT00461,DAVIS - HOLMES CREEK,90.0,81
96,UT00648,DAVIS - HOOPER DRAW,21.0,1
96,UT00648,DAVIS - HOOPER DRAW,22.0,506
96,UT00648,DAVIS - HOOPER DRAW,23.0,1126
96,UT00648,DAVIS - HOOPER DRAW,24.0,578
97,UT00170,DAVIS - PARRISH CREEK,21.0,72
97,UT00170,DAVIS - PARRISH CREEK,22.0,425
97,UT00170,DAVIS - PARRISH CREEK,23.0,807
97,UT00170,DAVIS - PARRISH CREEK,24.0,145
98,UT00171,DAVIS - RICKS CREEK,21.0,67
98,UT00171,DAVIS - RICKS CREEK,22.0,303
98,UT00171,DAVIS - RICKS CREEK,23.0,252
98,UT00171,DAVIS - RICKS CREEK,24.0,4
99,UT00563,DAVIS - SHEPARD CREEK,21.0,44
99,UT00563,DAVIS - SHEPARD CREEK,22.0,103
99,UT00563,DAVIS - SHEPARD CREEK,23.0,197
99,UT00563,DAVIS - SHEPARD CREEK,24.0,24
99,UT00563,DAVIS - SHEPARD CREEK,81.0,52
99,UT00563,DAVIS - SHEPARD CREEK,90.0,21
99,UT00563,DAVIS - SHEPARD CREEK,95.0,2
100,UT00564,DAVIS - STONE CREEK,21.0,192
100,UT00564,DAVIS - STONE CREEK,22.0,1856
100,UT00564,DAVIS - STONE CREEK,23.0,2017
100,UT00564,DAVIS - STONE CREEK,24.0,226
100,UT00564,DAVIS - STONE CREEK,41.0,5
100,UT00564,DAVIS - STONE CREEK,52.0,23
100,UT00564,DAVIS - STONE CREEK,81.0,97
100,UT00564,DAVIS - STONE CREEK,90.0,35
100,UT00564,DAVIS - STONE CREEK,95.0,317
101,UT00701,DEUEL CREEK,21.0,13
101,UT00701,DEUEL CREEK,22.0,397
101,UT00701,DEUEL CREEK,23.0,94
101,UT00701,DEUEL CREEK,52.0,10
101,UT00701,DEUEL CREEK,90.0,17
102,UT00736,DAVIS/WEBER CANAL - KAYSVILLE,21.0,20
102,UT00736,DAVIS/WEBER CANAL - KAYSVILLE,22.0,81
102,UT00736,DAVIS/WEBER CANAL - KAYSVILLE,23.0,22
102,UT00736,DAVIS/WEBER CANAL - KAYSVILLE,52.0,2
102,UT00736,DAVIS/WEBER CANAL - KAYSVILLE,81.0,2
102,UT00736,DAVIS/WEBER CANAL - KAYSVILLE,90.0,47
103,UT00737,DAVIS/WEBER CANAL - LAYTON POND,21.0,225
103,UT00737,DAVIS/WEBER CANAL - LAYTON POND,22.0,1039
103,UT00737,DAVIS/WEBER CANAL - LAYTON POND,23.0,559
103,UT00737,DAVIS/WEBER CANAL - LAYTON POND,24.0,9
103,UT00737,DAVIS/WEBER CANAL - LAYTON POND,81.0,154
103,UT00737,DAVIS/WEBER CANAL - LAYTON POND,82.0,127
103,UT00737,DAVIS/WEBER CANAL - LAYTON POND,90.0,19
104,UT00735,DAVIS/WEBER CANAL - SUNSET POND,21.0,6
104,UT00735,DAVIS/WEBER CANAL - SUNSET POND,22.0,291
104,UT00735,DAVIS/WEBER CANAL - SUNSET POND,23.0,221
104,UT00735,DAVIS/WEBER CANAL - SUNSET POND,24.0,4
105,UT00336,FARMINGTON CITY - RUDD CREEK,21.0,1
105,UT00336,FARMINGTON CITY - RUDD CREEK,22.0,21
105,UT00336,FARMINGTON CITY - RUDD CREEK,23.0,1
106,UT00378,HAIGHT CREEK (LOWER),11.0,20
106,UT00378,HAIGHT CREEK (LOWER),21.0,122
106,UT00378,HAIGHT CREEK (LOWER),22.0,820
106,UT00378,HAIGHT CREEK (LOWER),23.0,447
106,UT00378,HAIGHT CREEK (LOWER),24.0,18
106,UT00378,HAIGHT CREEK (LOWER),52.0,1
106,UT00378,HAIGHT CREEK (LOWER),82.0,1
106,UT00378,HAIGHT CREEK (LOWER),90.0,10
107,UT00063,HAIGHT CREEK (UPPER),21.0,26
107,UT00063,HAIGHT CREEK (UPPER),22.0,108
107,UT00063,HAIGHT CREEK (UPPER),23.0,56
107,UT00063,HAIGHT CREEK (UPPER),24.0,1
107,UT00063,HAIGHT CREEK (UPPER),52.0,3
107,UT00063,HAIGHT CREEK (UPPER),90.0,47
108,UT00142,HOLMES,21.0,270
108,UT00142,HOLMES,22.0,1068
108,UT00142,HOLMES,23.0,1094
108,UT00142,HOLMES,24.0,124
108,UT00142,HOLMES,52.0,4
108,UT00142,HOLMES,81.0,141
108,UT00142,HOLMES,82.0,44
108,UT00142,HOLMES,90.0,77
108,UT00142,HOLMES,95.0,20
109,UT00160,KAYSVILLE,21.0,46
109,UT00160,KAYSVILLE,22.0,102
109,UT00160,KAYSVILLE,23.0,157
109,UT00160,KAYSVILLE,24.0,80
109,UT00160,KAYSVILLE,82.0,11
109,UT00160,KAYSVILLE,90.0,33
110,UT00072,CLIFF LAKE (DUCHESNE),11.0,46
110,UT00072,CLIFF LAKE (DUCHESNE),21.0,1835
110,UT00072,CLIFF LAKE (DUCHESNE),22.0,1117
110,UT00072,CLIFF LAKE (DUCHESNE),23.0,11
110,UT00072,CLIFF LAKE (DUCHESNE),31.0,11
110,UT00072,CLIFF LAKE (DUCHESNE),41.0,597
110,UT00072,CLIFF LAKE (DUCHESNE),42.0,7595
110,UT00072,CLIFF LAKE (DUCHESNE),52.0,43192
110,UT00072,CLIFF LAKE (DUCHESNE),71.0,209
110,UT00072,CLIFF LAKE (DUCHESNE),81.0,9483
110,UT00072,CLIFF LAKE (DUCHESNE),82.0,113
110,UT00072,CLIFF LAKE (DUCHESNE),90.0,18931
110,UT00072,CLIFF LAKE (DUCHESNE),95.0,10774
111,UT00233,OAK CREEK (UPPER BOWNS),21.0,64
111,UT00233,OAK CREEK (UPPER BOWNS),22.0,13
111,UT00233,OAK CREEK (UPPER BOWNS),31.0,37
111,UT00233,OAK CREEK (UPPER BOWNS),41.0,181
111,UT00233,OAK CREEK (UPPER BOWNS),42.0,2646
111,UT00233,OAK CREEK (UPPER BOWNS),43.0,201
111,UT00233,OAK CREEK (UPPER BOWNS),52.0,4466
111,UT00233,OAK CREEK (UPPER BOWNS),81.0,25
111,UT00233,OAK CREEK (UPPER BOWNS),82.0,15
111,UT00233,OAK CREEK (UPPER BOWNS),90.0,302
112,UT00302,TROPIC,21.0,113
112,UT00302,TROPIC,22.0,319
112,UT00302,TROPIC,23.0,25
112,UT00302,TROPIC,31.0,2172
112,UT00302,TROPIC,41.0,28
112,UT00302,TROPIC,42.0,563
112,UT00302,TROPIC,52.0,21494
112,UT00302,TROPIC,81.0,1247
112,UT00302,TROPIC,82.0,18
112,UT00302,TROPIC,90.0,620
112,UT00302,TROPIC,95.0,27
113,UT00832,CEDAR CITY - DRY CANYON,21.0,617
113,UT00832,CEDAR CITY - DRY CANYON,22.0,805
113,UT00832,CEDAR CITY - DRY CANYON,23.0,740
113,UT00832,CEDAR CITY - DRY CANYON,24.0,89
113,UT00832,CEDAR CITY - DRY CANYON,52.0,33
113,UT00832,CEDAR CITY - DRY CANYON,81.0,2
114,UT00412,CEDAR CITY - GREENS LAKE #2,21.0,84
114,UT00412,CEDAR CITY - GREENS LAKE #2,22.0,202
114,UT00412,CEDAR CITY - GREENS LAKE #2,23.0,210
114,UT00412,CEDAR CITY - GREENS LAKE #2,24.0,26
114,UT00412,CEDAR CITY - GREENS LAKE #2,52.0,57
115,UT00415,CEDAR CITY - GREENS LAKE #3,21.0,125
115,UT00415,CEDAR CITY - GREENS LAKE #3,22.0,374
115,UT00415,CEDAR CITY - GREENS LAKE #3,23.0,338
115,UT00415,CEDAR CITY - GREENS LAKE #3,24.0,69
115,UT00415,CEDAR CITY - GREENS LAKE #3,52.0,76
116,UT00416,CEDAR CITY - GREENS LAKE #4,21.0,14
116,UT00416,CEDAR CITY - GREENS LAKE #4,22.0,3
116,UT00416,CEDAR CITY - GREENS LAKE #4,23.0,9
116,UT00416,CEDAR CITY - GREENS LAKE #4,41.0,17
116,UT00416,CEDAR CITY - GREENS LAKE #4,42.0,78
116,UT00416,CEDAR CITY - GREENS LAKE #4,52.0,21
117,UT00335,YANKEE MEADOW,11.0,21
117,UT00335,YANKEE MEADOW,21.0,2586
117,UT00335,YANKEE MEADOW,22.0,2490
117,UT00335,YANKEE MEADOW,23.0,453
117,UT00335,YANKEE MEADOW,24.0,58
117,UT00335,YANKEE MEADOW,31.0,3
117,UT00335,YANKEE MEADOW,41.0,70
117,UT00335,YANKEE MEADOW,42.0,617
117,UT00335,YANKEE MEADOW,52.0,7071
117,UT00335,YANKEE MEADOW,71.0,36
117,UT00335,YANKEE MEADOW,81.0,177
117,UT00335,YANKEE MEADOW,82.0,1752
117,UT00335,YANKEE MEADOW,90.0,40
117,UT00335,YANKEE MEADOW,95.0,6
118,UT00215,MONA,11.0,158
118,UT00215,MONA,21.0,591
118,UT00215,MONA,22.0,955
118,UT00215,MONA,23.0,25
118,UT00215,MONA,24.0,1
118,UT00215,MONA,31.0,285
118,UT00215,MONA,42.0,2
118,UT00215,MONA,52.0,6443
118,UT00215,MONA,71.0,109
118,UT00215,MONA,81.0,8573
118,UT00215,MONA,82.0,2686
118,UT00215,MONA,90.0,1571
118,UT00215,MONA,95.0,11967
119,UT00322,CORN CREEK,11.0,9
119,UT00322,CORN CREEK,21.0,1821
119,UT00322,CORN CREEK,22.0,333
119,UT00322,CORN CREEK,23.0,28
119,UT00322,CORN CREEK,24.0,1
119,UT00322,CORN CREEK,42.0,1
119,UT00322,CORN CREEK,52.0,2064
119,UT00322,CORN CREEK,71.0,1843
119,UT00322,CORN CREEK,81.0,278
119,UT00322,CORN CREEK,82.0,6746
119,UT00322,CORN CREEK,90.0,3
120,UT00080,DMAD,11.0,4226
120,UT00080,DMAD,21.0,906
120,UT00080,DMAD,22.0,20522
120,UT00080,DMAD,23.0,1522
120,UT00080,DMAD,24.0,28
120,UT00080,DMAD,31.0,48489
120,UT00080,DMAD,52.0,328497
120,UT00080,DMAD,71.0,11
120,UT00080,DMAD,81.0,4838
120,UT00080,DMAD,82.0,102837
120,UT00080,DMAD,90.0,37487
120,UT00080,DMAD,95.0,9785
121,UT00131,GUNNISON BEND,11.0,1735
121,UT00131,GUNNISON BEND,21.0,360
121,UT00131,GUNNISON BEND,22.0,3691
121,UT00131,GUNNISON BEND,23.0,402
121,UT00131,GUNNISON BEND,24.0,7
121,UT00131,GUNNISON BEND,52.0,13493
121,UT00131,GUNNISON BEND,71.0,1
121,UT00131,GUNNISON BEND,81.0,443
121,UT00131,GUNNISON BEND,82.0,17339
121,UT00131,GUNNISON BEND,90.0,365
121,UT00131,GUNNISON BEND,95.0,52
122,UT00232,NORTHWEST,11.0,4
122,UT00232,NORTHWEST,21.0,110
122,UT00232,NORTHWEST,22.0,273
122,UT00232,NORTHWEST,23.0,68
122,UT00232,NORTHWEST,24.0,4
122,UT00232,NORTHWEST,41.0,5
122,UT00232,NORTHWEST,42.0,3
122,UT00232,NORTHWEST,52.0,628
122,UT00232,NORTHWEST,81.0,165
122,UT00232,NORTHWEST,82.0,164
122,UT00232,NORTHWEST,90.0,48
123,UT00232,NORTHWEST,21.0,208
123,UT00232,NORTHWEST,22.0,357
123,UT00232,NORTHWEST,23.0,6
123,UT00232,NORTHWEST,52.0,294
123,UT00232,NORTHWEST,81.0,389
123,UT00232,NORTHWEST,82.0,156
123,UT00232,NORTHWEST,90.0,31
124,UT00327,WILKINSON (HARRY),21.0,40
124,UT00327,WILKINSON (HARRY),22.0,172
124,UT00327,WILKINSON (HARRY),23.0,7
124,UT00327,WILKINSON (HARRY),41.0,1
124,UT00327,WILKINSON (HARRY),52.0,52
124,UT00327,WILKINSON (HARRY),81.0,535
124,UT00327,WILKINSON (HARRY),82.0,58
124,UT00327,WILKINSON (HARRY),90.0,141
124,UT00327,WILKINSON (HARRY),95.0,34
125,UT00024,BEAVER CREEK - LOWER (BOX CREEK),21.0,23
125,UT00024,BEAVER CREEK - LOWER (BOX CREEK),22.0,63
125,UT00024,BEAVER CREEK - LOWER (BOX CREEK),41.0,102
125,UT00024,BEAVER CREEK - LOWER (BOX CREEK),42.0,348
125,UT00024,BEAVER CREEK - LOWER (BOX CREEK),52.0,944
125,UT00024,BEAVER CREEK - LOWER (BOX CREEK),81.0,106
125,UT00024,BEAVER CREEK - LOWER (BOX CREEK),82.0,344
125,UT00024,BEAVER CREEK - LOWER (BOX CREEK),90.0,17
126,UT00728,DRAPER PRESSURE IRRIGATION PROJECT,21.0,28
126,UT00728,DRAPER PRESSURE IRRIGATION PROJECT,22.0,239
126,UT00728,DRAPER PRESSURE IRRIGATION PROJECT,23.0,59
126,UT00728,DRAPER PRESSURE IRRIGATION PROJECT,90.0,4
127,UT00749,ENSIGN DOWNS (AKA VICTORY ROAD),21.0,1
127,UT00749,ENSIGN DOWNS (AKA VICTORY ROAD),22.0,52
127,UT00749,ENSIGN DOWNS (AKA VICTORY ROAD),23.0,99
127,UT00749,ENSIGN DOWNS (AKA VICTORY ROAD),24.0,12
127,UT00749,ENSIGN DOWNS (AKA VICTORY ROAD),52.0,3
128,UT00172,LAKE MARY-PHOEBE,21.0,998
128,UT00172,LAKE MARY-PHOEBE,22.0,4968
128,UT00172,LAKE MARY-PHOEBE,23.0,3483
128,UT00172,LAKE MARY-PHOEBE,24.0,884
128,UT00172,LAKE MARY-PHOEBE,41.0,166
128,UT00172,LAKE MARY-PHOEBE,42.0,2142
128,UT00172,LAKE MARY-PHOEBE,52.0,304
128,UT00172,LAKE MARY-PHOEBE,90.0,153
129,UT00755,LITTLE DELL,11.0,36
129,UT00755,LITTLE DELL,21.0,1660
129,UT00755,LITTLE DELL,22.0,4180
129,UT00755,LITTLE DELL,23.0,8865
129,UT00755,LITTLE DELL,24.0,2903
129,UT00755,LITTLE DELL,31.0,8
129,UT00755,LITTLE DELL,41.0,97
129,UT00755,LITTLE DELL,42.0,60
129,UT00755,LITTLE DELL,52.0,1484
129,UT00755,LITTLE DELL,81.0,7
129,UT00755,LITTLE DELL,90.0,204
130,UT00256,RED PINE,21.0,292
130,UT00256,RED PINE,22.0,1204
130,UT00256,RED PINE,23.0,721
130,UT00256,RED PINE,24.0,188
130,UT00256,RED PINE,41.0,25
130,UT00256,RED PINE,42.0,268
130,UT00256,RED PINE,52.0,31
130,UT00256,RED PINE,90.0,10
131,UT00090,SALT LAKE CO - BIG COTTONWOOD (SPENCER'S),21.0,899
131,UT00090,SALT LAKE CO - BIG COTTONWOOD (SPENCER'S),22.0,4201
131,UT00090,SALT LAKE CO - BIG COTTONWOOD (SPENCER'S),23.0,3874
131,UT00090,SALT LAKE CO - BIG COTTONWOOD (SPENCER'S),24.0,1370
132,UT00531,SALT LAKE CO - CREEKSIDE PARK,21.0,144
132,UT00531,SALT LAKE CO - CREEKSIDE PARK,22.0,995
132,UT00531,SALT LAKE CO - CREEKSIDE PARK,23.0,2364
132,UT00531,SALT LAKE CO - CREEKSIDE PARK,24.0,892
133,UT00519,SANDY - ALTA CANYON,21.0,216
133,UT00519,SANDY - ALTA CANYON,22.0,743
133,UT00519,SANDY - ALTA CANYON,23.0,1381
133,UT00519,SANDY - ALTA CANYON,24.0,307
133,UT00519,SANDY - ALTA CANYON,90.0,7
134,UT00590,SANDY - FALCON DB,21.0,241
134,UT00590,SANDY - FALCON DB,22.0,646
134,UT00590,SANDY - FALCON DB,23.0,1362
134,UT00590,SANDY - FALCON DB,24.0,376
134,UT00590,SANDY - FALCON DB,81.0,1
134,UT00590,SANDY - FALCON DB,90.0,22
135,UT00746,SANDY - FLAT IRON MESA,21.0,21
135,UT00746,SANDY - FLAT IRON MESA,22.0,905
135,UT00746,SANDY - FLAT IRON MESA,23.0,1568
135,UT00746,SANDY - FLAT IRON MESA,24.0,149
135,UT00746,SANDY - FLAT IRON MESA,52.0,2
135,UT00746,SANDY - FLAT IRON MESA,90.0,8
136,UT00534,SANDY - WILLOW CREEK,21.0,17
136,UT00534,SANDY - WILLOW CREEK,22.0,177
136,UT00534,SANDY - WILLOW CREEK,23.0,122
137,UT00566,MOAB - TUSHER CANYON,11.0,2
137,UT00566,MOAB - TUSHER CANYON,21.0,44
137,UT00566,MOAB - TUSHER CANYON,22.0,573
137,UT00566,MOAB - TUSHER CANYON,23.0,210
137,UT00566,MOAB - TUSHER CANYON,24.0,31
137,UT00566,MOAB - TUSHER CANYON,52.0,118
137,UT00566,MOAB - TUSHER CANYON,81.0,75
137,UT00566,MOAB - TUSHER CANYON,90.0,141
138,UT00553,MOAB - WHITE CANYON,11.0,2
138,UT00553,MOAB - WHITE CANYON,21.0,68
138,UT00553,MOAB - WHITE CANYON,22.0,377
138,UT00553,MOAB - WHITE CANYON,23.0,249
138,UT00553,MOAB - WHITE CANYON,24.0,46
138,UT00553,MOAB - WHITE CANYON,52.0,117
138,UT00553,MOAB - WHITE CANYON,81.0,96
138,UT00553,MOAB - WHITE CANYON,90.0,169
138,UT00553,MOAB - WHITE CANYON,95.0,3
139,UT00828,DAIRY DAM,11.0,3
139,UT00828,DAIRY DAM,21.0,401
139,UT00828,DAIRY DAM,22.0,929
139,UT00828,DAIRY DAM,23.0,47
139,UT00828,DAIRY DAM,52.0,330
139,UT00828,DAIRY DAM,81.0,60
139,UT00828,DAIRY DAM,82.0,2854
139,UT00828,DAIRY DAM,90.0,86
139,UT00828,DAIRY DAM,95.0,1
140,UT00103,FAIRVIEW LAKE,11.0,186
140,UT00103,FAIRVIEW LAKE,21.0,37
140,UT00103,FAIRVIEW LAKE,22.0,16
140,UT00103,FAIRVIEW LAKE,41.0,237
140,UT00103,FAIRVIEW LAKE,42.0,19
140,UT00103,FAIRVIEW LAKE,52.0,873
140,UT00103,FAIRVIEW LAKE,81.0,19
140,UT00103,FAIRVIEW LAKE,90.0,314
140,UT00103,FAIRVIEW LAKE,95.0,64
141,UT00119,PALISADES LAKE,11.0,232
141,UT00119,PALISADES LAKE,21.0,345
141,UT00119,PALISADES LAKE,22.0,667
141,UT00119,PALISADES LAKE,23.0,51
141,UT00119,PALISADES LAKE,24.0,7
141,UT00119,PALISADES LAKE,42.0,16
141,UT00119,PALISADES LAKE,52.0,3134
141,UT00119,PALISADES LAKE,81.0,1240
141,UT00119,PALISADES LAKE,82.0,2341
141,UT00119,PALISADES LAKE,90.0,2746
141,UT00119,PALISADES LAKE,95.0,723
142,UT00627,DAIRY CANYON DETENTION BASIN,21.0,463
142,UT00627,DAIRY CANYON DETENTION BASIN,22.0,1792
142,UT00627,DAIRY CANYON DETENTION BASIN,23.0,1007
142,UT00627,DAIRY CANYON DETENTION BASIN,24.0,209
142,UT00627,DAIRY CANYON DETENTION BASIN,52.0,437
142,UT00627,DAIRY CANYON DETENTION BASIN,81.0,2720
142,UT00627,DAIRY CANYON DETENTION BASIN,82.0,1
142,UT00627,DAIRY CANYON DETENTION BASIN,90.0,11
142,UT00627,DAIRY CANYON DETENTION BASIN,95.0,1
143,UT00340,GLENWOOD DEBRIS,21.0,231
143,UT00340,GLENWOOD DEBRIS,22.0,675
143,UT00340,GLENWOOD DEBRIS,23.0,13
143,UT00340,GLENWOOD DEBRIS,52.0,115
143,UT00340,GLENWOOD DEBRIS,81.0,596
143,UT00340,GLENWOOD DEBRIS,82.0,226
144,UT00153,JOHNSON,21.0,20
144,UT00153,JOHNSON,22.0,136
144,UT00153,JOHNSON,23.0,4
144,UT00153,JOHNSON,41.0,137
144,UT00153,JOHNSON,42.0,274
144,UT00153,JOHNSON,43.0,6
144,UT00153,JOHNSON,52.0,76
144,UT00153,JOHNSON,90.0,28
144,UT00153,JOHNSON,95.0,34
145,UT00366,ROCKY FORD (SEVIER),11.0,436
145,UT00366,ROCKY FORD (SEVIER),21.0,144
145,UT00366,ROCKY FORD (SEVIER),22.0,848
145,UT00366,ROCKY FORD (SEVIER),23.0,182
145,UT00366,ROCKY FORD (SEVIER),52.0,8365
145,UT00366,ROCKY FORD (SEVIER),81.0,5473
145,UT00366,ROCKY FORD (SEVIER),82.0,5477
145,UT00366,ROCKY FORD (SEVIER),90.0,5126
145,UT00366,ROCKY FORD (SEVIER),95.0,1150
146,UT00533,SAND H DEBRIS,21.0,45
146,UT00533,SAND H DEBRIS,22.0,1194
146,UT00533,SAND H DEBRIS,23.0,350
146,UT00533,SAND H DEBRIS,24.0,14
146,UT00533,SAND H DEBRIS,52.0,696
146,UT00533,SAND H DEBRIS,81.0,155
146,UT00533,SAND H DEBRIS,82.0,3055
146,UT00533,SAND H DEBRIS,90.0,48
146,UT00533,SAND H DEBRIS,95.0,1
147,UT00270,SETTLEMENT CANYON,11.0,4045
147,UT00270,SETTLEMENT CANYON,21.0,6260
147,UT00270,SETTLEMENT CANYON,22.0,12447
147,UT00270,SETTLEMENT CANYON,23.0,10203
147,UT00270,SETTLEMENT CANYON,24.0,2285
147,UT00270,SETTLEMENT CANYON,31.0,20751
147,UT00270,SETTLEMENT CANYON,52.0,32508
147,UT00270,SETTLEMENT CANYON,71.0,20495
147,UT00270,SETTLEMENT CANYON,81.0,5886
147,UT00270,SETTLEMENT CANYON,82.0,11526
147,UT00270,SETTLEMENT CANYON,90.0,1673
147,UT00270,SETTLEMENT CANYON,95.0,22651
148,UT00058,BULLOCK DRAW,11.0,2
148,UT00058,BULLOCK DRAW,21.0,11
148,UT00058,BULLOCK DRAW,22.0,44
148,UT00058,BULLOCK DRAW,23.0,2
148,UT00058,BULLOCK DRAW,52.0,930
148,UT00058,BULLOCK DRAW,81.0,265
148,UT00058,BULLOCK DRAW,82.0,46
148,UT00058,BULLOCK DRAW,90.0,3937
148,UT00058,BULLOCK DRAW,95.0,55
149,UT00098,EAST PARK,11.0,65
149,UT00098,EAST PARK,21.0,55
149,UT00098,EAST PARK,22.0,111
149,UT00098,EAST PARK,23.0,3
149,UT00098,EAST PARK,41.0,25
149,UT00098,EAST PARK,42.0,1113
149,UT00098,EAST PARK,52.0,1137
149,UT00098,EAST PARK,81.0,1219
149,UT00098,EAST PARK,82.0,483
149,UT00098,EAST PARK,90.0,1349
149,UT00098,EAST PARK,95.0,17
150,UT00323,WHITEROCKS LAKE,11.0,28
150,UT00323,WHITEROCKS LAKE,21.0,1682
150,UT00323,WHITEROCKS LAKE,22.0,1053
150,UT00323,WHITEROCKS LAKE,23.0,9
150,UT00323,WHITEROCKS LAKE,41.0,422
150,UT00323,WHITEROCKS LAKE,42.0,3844
150,UT00323,WHITEROCKS LAKE,52.0,41551
150,UT00323,WHITEROCKS LAKE,71.0,243
150,UT00323,WHITEROCKS LAKE,81.0,8744
150,UT00323,WHITEROCKS LAKE,82.0,37
150,UT00323,WHITEROCKS LAKE,90.0,18357
150,UT00323,WHITEROCKS LAKE,95.0,10538
151,UT00034,BIG EAST,21.0,144
151,UT00034,BIG EAST,22.0,1189
151,UT00034,BIG EAST,23.0,852
151,UT00034,BIG EAST,24.0,149
151,UT00034,BIG EAST,41.0,65
151,UT00034,BIG EAST,42.0,167
151,UT00034,BIG EAST,52.0,232
151,UT00034,BIG EAST,82.0,1
151,UT00034,BIG EAST,90.0,57
152,UT00652,BOX LAKE (PAYSON),21.0,145
152,UT00652,BOX LAKE (PAYSON),22.0,1178
152,UT00652,BOX LAKE (PAYSON),23.0,852
152,UT00652,BOX LAKE (PAYSON),24.0,149
152,UT00652,BOX LAKE (PAYSON),41.0,30
152,UT00652,BOX LAKE (PAYSON),42.0,128
152,UT00652,BOX LAKE (PAYSON),52.0,234
152,UT00652,BOX LAKE (PAYSON),82.0,1
152,UT00652,BOX LAKE (PAYSON),90.0,58
153,UT00743,LINDON IRRIGATION II,21.0,7
153,UT00743,LINDON IRRIGATION II,22.0,98
153,UT00743,LINDON IRRIGATION II,23.0,49
154,UT00744,LINDON IRRIGATION III,21.0,77
154,UT00744,LINDON IRRIGATION III,22.0,449
154,UT00744,LINDON IRRIGATION III,23.0,215
154,UT00744,LINDON IRRIGATION III,24.0,3
154,UT00744,LINDON IRRIGATION III,90.0,2
155,UT00197,MAPLE LAKE,21.0,143
155,UT00197,MAPLE LAKE,22.0,1068
155,UT00197,MAPLE LAKE,23.0,852
155,UT00197,MAPLE LAKE,24.0,149
155,UT00197,MAPLE LAKE,41.0,27
155,UT00197,MAPLE LAKE,42.0,81
155,UT00197,MAPLE LAKE,52.0,114
155,UT00197,MAPLE LAKE,82.0,1
155,UT00197,MAPLE LAKE,90.0,57
156,UT00200,MCCLELLAN LAKE,21.0,145
156,UT00200,MCCLELLAN LAKE,22.0,1178
156,UT00200,MCCLELLAN LAKE,23.0,852
156,UT00200,MCCLELLAN LAKE,24.0,149
156,UT00200,MCCLELLAN LAKE,41.0,29
156,UT00200,MCCLELLAN LAKE,42.0,127
156,UT00200,MCCLELLAN LAKE,52.0,231
156,UT00200,MCCLELLAN LAKE,82.0,1
156,UT00200,MCCLELLAN LAKE,90.0,57
157,UT00585,NORTH UTAH CO - BATTLE CREEK,11.0,48
157,UT00585,NORTH UTAH CO - BATTLE CREEK,21.0,526
157,UT00585,NORTH UTAH CO - BATTLE CREEK,22.0,3990
157,UT00585,NORTH UTAH CO - BATTLE CREEK,23.0,6637
157,UT00585,NORTH UTAH CO - BATTLE CREEK,24.0,1899
157,UT00585,NORTH UTAH CO - BATTLE CREEK,52.0,68
157,UT00585,NORTH UTAH CO - BATTLE CREEK,71.0,7
157,UT00585,NORTH UTAH CO - BATTLE CREEK,81.0,44
157,UT00585,NORTH UTAH CO - BATTLE CREEK,82.0,360
157,UT00585,NORTH UTAH CO - BATTLE CREEK,90.0,98
157,UT00585,NORTH UTAH CO - BATTLE CREEK,95.0,255
158,UT00472,NORTH UTAH CO - DRY CREEK,11.0,245
158,UT00472,NORTH UTAH CO - DRY CREEK,21.0,755
158,UT00472,NORTH UTAH CO - DRY CREEK,22.0,3520
158,UT00472,NORTH UTAH CO - DRY CREEK,23.0,5573
158,UT00472,NORTH UTAH CO - DRY CREEK,24.0,653
158,UT00472,NORTH UTAH CO - DRY CREEK,52.0,32
158,UT00472,NORTH UTAH CO - DRY CREEK,71.0,3
158,UT00472,NORTH UTAH CO - DRY CREEK,81.0,1678
158,UT00472,NORTH UTAH CO - DRY CREEK,82.0,506
158,UT00472,NORTH UTAH CO - DRY CREEK,90.0,235
158,UT00472,NORTH UTAH CO - DRY CREEK,95.0,957
159,UT00584,NORTH UTAH CO - GROVE CREEK,11.0,34
159,UT00584,NORTH UTAH CO - GROVE CREEK,21.0,258
159,UT00584,NORTH UTAH CO - GROVE CREEK,22.0,3418
159,UT00584,NORTH UTAH CO - GROVE CREEK,23.0,6021
159,UT00584,NORTH UTAH CO - GROVE CREEK,24.0,1763
159,UT00584,NORTH UTAH CO - GROVE CREEK,52.0,34
159,UT00584,NORTH UTAH CO - GROVE CREEK,71.0,8
159,UT00584,NORTH UTAH CO - GROVE CREEK,81.0,34
159,UT00584,NORTH UTAH CO - GROVE CREEK,82.0,321
159,UT00584,NORTH UTAH CO - GROVE CREEK,90.0,49
159,UT00584,NORTH UTAH CO - GROVE CREEK,95.0,210
160,UT00299,NORTH UTAH CO - TIBBLE FORK,11.0,59
160,UT00299,NORTH UTAH CO - TIBBLE FORK,21.0,1002
160,UT00299,NORTH UTAH CO - TIBBLE FORK,22.0,4078
160,UT00299,NORTH UTAH CO - TIBBLE FORK,23.0,3998
160,UT00299,NORTH UTAH CO - TIBBLE FORK,24.0,523
160,UT00299,NORTH UTAH CO - TIBBLE FORK,41.0,18
160,UT00299,NORTH UTAH CO - TIBBLE FORK,42.0,595
160,UT00299,NORTH UTAH CO - TIBBLE FORK,52.0,113
160,UT00299,NORTH UTAH CO - TIBBLE FORK,71.0,2
160,UT00299,NORTH UTAH CO - TIBBLE FORK,81.0,85
160,UT00299,NORTH UTAH CO - TIBBLE FORK,82.0,1159
160,UT00299,NORTH UTAH CO - TIBBLE FORK,90.0,156
160,UT00299,NORTH UTAH CO - TIBBLE FORK,95.0,110
161,UT00524,PROVO - ROCK CANYON,11.0,86
161,UT00524,PROVO - ROCK CANYON,21.0,1008
161,UT00524,PROVO - ROCK CANYON,22.0,2730
161,UT00524,PROVO - ROCK CANYON,23.0,4208
161,UT00524,PROVO - ROCK CANYON,24.0,999
161,UT00524,PROVO - ROCK CANYON,52.0,3
161,UT00524,PROVO - ROCK CANYON,71.0,8
161,UT00524,PROVO - ROCK CANYON,81.0,797
161,UT00524,PROVO - ROCK CANYON,82.0,248
161,UT00524,PROVO - ROCK CANYON,90.0,287
161,UT00524,PROVO - ROCK CANYON,95.0,85
162,UT00470,PROVO - SLATE CANYON #2,21.0,337
162,UT00470,PROVO - SLATE CANYON #2,22.0,803
162,UT00470,PROVO - SLATE CANYON #2,23.0,1226
162,UT00470,PROVO - SLATE CANYON #2,24.0,543
162,UT00470,PROVO - SLATE CANYON #2,52.0,1
162,UT00470,PROVO - SLATE CANYON #2,90.0,14
162,UT00470,PROVO - SLATE CANYON #2,95.0,1
163,UT00469,UTAH CO - AMERICAN FORK DEBRIS,11.0,174
163,UT00469,UTAH CO - AMERICAN FORK DEBRIS,21.0,853
163,UT00469,UTAH CO - AMERICAN FORK DEBRIS,22.0,4137
163,UT00469,UTAH CO - AMERICAN FORK DEBRIS,23.0,5842
163,UT00469,UTAH CO - AMERICAN FORK DEBRIS,24.0,1306
163,UT00469,UTAH CO - AMERICAN FORK DEBRIS,52.0,7
163,UT00469,UTAH CO - AMERICAN FORK DEBRIS,71.0,1
163,UT00469,UTAH CO - AMERICAN FORK DEBRIS,81.0,58
163,UT00469,UTAH CO - AMERICAN FORK DEBRIS,82.0,192
163,UT00469,UTAH CO - AMERICAN FORK DEBRIS,90.0,190
163,UT00469,UTAH CO - AMERICAN FORK DEBRIS,95.0,281
164,UT00613,UTAH CO - HOBBLE CREEK,11.0,28
164,UT00613,UTAH CO - HOBBLE CREEK,21.0,666
164,UT00613,UTAH CO - HOBBLE CREEK,22.0,3088
164,UT00613,UTAH CO - HOBBLE CREEK,23.0,3202
164,UT00613,UTAH CO - HOBBLE CREEK,24.0,317
164,UT00613,UTAH CO - HOBBLE CREEK,52.0,28
164,UT00613,UTAH CO - HOBBLE CREEK,81.0,246
164,UT00613,UTAH CO - HOBBLE CREEK,82.0,451
164,UT00613,UTAH CO - HOBBLE CREEK,90.0,143
164,UT00613,UTAH CO - HOBBLE CREEK,95.0,27
165,UT00387,UTAH CO - SANTAQUIN DEBRIS,21.0,949
165,UT00387,UTAH CO - SANTAQUIN DEBRIS,22.0,3385
165,UT00387,UTAH CO - SANTAQUIN DEBRIS,23.0,1179
165,UT00387,UTAH CO - SANTAQUIN DEBRIS,24.0,54
165,UT00387,UTAH CO - SANTAQUIN DEBRIS,52.0,76
165,UT00387,UTAH CO - SANTAQUIN DEBRIS,81.0,40
165,UT00387,UTAH CO - SANTAQUIN DEBRIS,82.0,1991
165,UT00387,UTAH CO - SANTAQUIN DEBRIS,90.0,14
165,UT00387,UTAH CO - SANTAQUIN DEBRIS,95.0,17
166,UT00244,WINWARD (PETE),21.0,146
166,UT00244,WINWARD (PETE),22.0,1067
166,UT00244,WINWARD (PETE),23.0,852
166,UT00244,WINWARD (PETE),24.0,149
166,UT00244,WINWARD (PETE),41.0,26
166,UT00244,WINWARD (PETE),42.0,102
166,UT00244,WINWARD (PETE),52.0,175
166,UT00244,WINWARD (PETE),71.0,13
166,UT00244,WINWARD (PETE),82.0,1
166,UT00244,WINWARD (PETE),90.0,57
167,UT00064,CENTER CREEK #1,11.0,56
167,UT00064,CENTER CREEK #1,21.0,749
167,UT00064,CENTER CREEK #1,22.0,1518
167,UT00064,CENTER CREEK #1,23.0,1015
167,UT00064,CENTER CREEK #1,24.0,175
167,UT00064,CENTER CREEK #1,41.0,255
167,UT00064,CENTER CREEK #1,42.0,8
167,UT00064,CENTER CREEK #1,52.0,409
167,UT00064,CENTER CREEK #1,81.0,2966
167,UT00064,CENTER CREEK #1,82.0,2072
167,UT00064,CENTER CREEK #1,90.0,19
167,UT00064,CENTER CREEK #1,95.0,147
168,UT00065,CENTER CREEK #2,11.0,20
168,UT00065,CENTER CREEK #2,21.0,738
168,UT00065,CENTER CREEK #2,22.0,1526
168,UT00065,CENTER CREEK #2,23.0,1015
168,UT00065,CENTER CREEK #2,24.0,175
168,UT00065,CENTER CREEK #2,41.0,157
168,UT00065,CENTER CREEK #2,42.0,47
168,UT00065,CENTER CREEK #2,52.0,339
168,UT00065,CENTER CREEK #2,81.0,2966
168,UT00065,CENTER CREEK #2,82.0,2072
168,UT00065,CENTER CREEK #2,90.0,14
168,UT00065,CENTER CREEK #2,95.0,147
169,UT00066,CENTER CREEK #3,11.0,22
169,UT00066,CENTER CREEK #3,21.0,738
169,UT00066,CENTER CREEK #3,22.0,1526
169,UT00066,CENTER CREEK #3,23.0,1015
169,UT00066,CENTER CREEK #3,24.0,175
169,UT00066,CENTER CREEK #3,41.0,215
169,UT00066,CENTER CREEK #3,42.0,39
169,UT00066,CENTER CREEK #3,52.0,362
169,UT00066,CENTER CREEK #3,81.0,2966
169,UT00066,CENTER CREEK #3,82.0,2072
169,UT00066,CENTER CREEK #3,90.0,14
169,UT00066,CENTER CREEK #3,95.0,147
170,UT00088,DEER VALLEY,11.0,13
170,UT00088,DEER VALLEY,21.0,438
170,UT00088,DEER VALLEY,22.0,2007
170,UT00088,DEER VALLEY,23.0,721
170,UT00088,DEER VALLEY,24.0,108
170,UT00088,DEER VALLEY,41.0,353
170,UT00088,DEER VALLEY,42.0,22
170,UT00088,DEER VALLEY,52.0,491
170,UT00088,DEER VALLEY,81.0,1020
170,UT00088,DEER VALLEY,82.0,204
170,UT00088,DEER VALLEY,90.0,30
170,UT00088,DEER VALLEY,95.0,133
171,UT00156,JONES,11.0,12
171,UT00156,JONES,21.0,473
171,UT00156,JONES,22.0,2027
171,UT00156,JONES,23.0,701
171,UT00156,JONES,24.0,112
171,UT00156,JONES,41.0,202
171,UT00156,JONES,42.0,50
171,UT00156,JONES,52.0,514
171,UT00156,JONES,81.0,1045
171,UT00156,JONES,82.0,194
171,UT00156,JONES,90.0,41
171,UT00156,JONES,95.0,141
172,UT00176,LINDSAY (BENNETT) LOWER,11.0,12
172,UT00176,LINDSAY (BENNETT) LOWER,21.0,403
172,UT00176,LINDSAY (BENNETT) LOWER,22.0,1944
172,UT00176,LINDSAY (BENNETT) LOWER,23.0,689
172,UT00176,LINDSAY (BENNETT) LOWER,24.0,112
172,UT00176,LINDSAY (BENNETT) LOWER,41.0,237
172,UT00176,LINDSAY (BENNETT) LOWER,42.0,32
172,UT00176,LINDSAY (BENNETT) LOWER,52.0,456
172,UT00176,LINDSAY (BENNETT) LOWER,81.0,1021
172,UT00176,LINDSAY (BENNETT) LOWER,82.0,176
172,UT00176,LINDSAY (BENNETT) LOWER,90.0,45
172,UT00176,LINDSAY (BENNETT) LOWER,95.0,138
173,UT00650,WASATCH CO - LAKE CREEK,21.0,306
173,UT00650,WASATCH CO - LAKE CREEK,22.0,1803
173,UT00650,WASATCH CO - LAKE CREEK,23.0,666
173,UT00650,WASATCH CO - LAKE CREEK,24.0,109
173,UT00650,WASATCH CO - LAKE CREEK,52.0,169
173,UT00650,WASATCH CO - LAKE CREEK,81.0,507
173,UT00650,WASATCH CO - LAKE CREEK,82.0,161
173,UT00650,WASATCH CO - LAKE CREEK,90.0,3
173,UT00650,WASATCH CO - LAKE CREEK,95.0,24
174,UT00618,BAKER,21.0,73
174,UT00618,BAKER,22.0,196
174,UT00618,BAKER,23.0,5
174,UT00618,BAKER,42.0,92
174,UT00618,BAKER,52.0,841
174,UT00618,BAKER,81.0,398
174,UT00618,BAKER,82.0,12
174,UT00618,BAKER,90.0,651
174,UT00618,BAKER,95.0,7
175,UT00680,CITY CREEK DEBRIS BASIN - ST GEORGE,21.0,751
175,UT00680,CITY CREEK DEBRIS BASIN - ST GEORGE,22.0,2580
175,UT00680,CITY CREEK DEBRIS BASIN - ST GEORGE,23.0,2229
175,UT00680,CITY CREEK DEBRIS BASIN - ST GEORGE,24.0,431
175,UT00680,CITY CREEK DEBRIS BASIN - ST GEORGE,52.0,401
175,UT00680,CITY CREEK DEBRIS BASIN - ST GEORGE,81.0,62
175,UT00680,CITY CREEK DEBRIS BASIN - ST GEORGE,82.0,3
175,UT00680,CITY CREEK DEBRIS BASIN - ST GEORGE,90.0,637
175,UT00680,CITY CREEK DEBRIS BASIN - ST GEORGE,95.0,1
176,UT50414,SAND HOLLOW NORTH,11.0,275
176,UT50414,SAND HOLLOW NORTH,21.0,438
176,UT50414,SAND HOLLOW NORTH,22.0,368
176,UT50414,SAND HOLLOW NORTH,23.0,542
176,UT50414,SAND HOLLOW NORTH,52.0,3668
176,UT50414,SAND HOLLOW NORTH,81.0,39
176,UT50414,SAND HOLLOW NORTH,82.0,1345
176,UT50414,SAND HOLLOW NORTH,90.0,104
176,UT50414,SAND HOLLOW NORTH,95.0,1
177,UT50415,SAND HOLLOW WEST,11.0,36
177,UT50415,SAND HOLLOW WEST,21.0,319
177,UT50415,SAND HOLLOW WEST,22.0,204
177,UT50415,SAND HOLLOW WEST,23.0,150
177,UT50415,SAND HOLLOW WEST,24.0,1
177,UT50415,SAND HOLLOW WEST,52.0,3084
177,UT50415,SAND HOLLOW WEST,71.0,6
177,UT50415,SAND HOLLOW WEST,81.0,7
177,UT50415,SAND HOLLOW WEST,82.0,719
177,UT50415,SAND HOLLOW WEST,90.0,43
178,UT50324,ST GEORGE CITY - NAVAJO DB,21.0,23
178,UT50324,ST GEORGE CITY - NAVAJO DB,22.0,63
178,UT50324,ST GEORGE CITY - NAVAJO DB,23.0,20
178,UT50324,ST GEORGE CITY - NAVAJO DB,52.0,106
178,UT50324,ST GEORGE CITY - NAVAJO DB,90.0,131
179,UT00714,NORTH OGDEN - ORTON PARK,21.0,71
179,UT00714,NORTH OGDEN - ORTON PARK,22.0,248
179,UT00714,NORTH OGDEN - ORTON PARK,23.0,184
179,UT00714,NORTH OGDEN - ORTON PARK,24.0,30
180,UT00505,OGDEN CITY - SULLIVAN HOLLOW,21.0,6
180,UT00505,OGDEN CITY - SULLIVAN HOLLOW,22.0,195
180,UT00505,OGDEN CITY - SULLIVAN HOLLOW,23.0,513
180,UT00505,OGDEN CITY - SULLIVAN HOLLOW,24.0,355
181,UT00866,DEER VALLEY SNOW MAKING RESERVOIR,21.0,32
181,UT00866,DEER VALLEY SNOW MAKING RESERVOIR,22.0,324
181,UT00866,DEER VALLEY SNOW MAKING RESERVOIR,23.0,112
181,UT00866,DEER VALLEY SNOW MAKING RESERVOIR,24.0,5
181,UT00866,DEER VALLEY SNOW MAKING RESERVOIR,41.0,7
181,UT00866,DEER VALLEY SNOW MAKING RESERVOIR,42.0,80
181,UT00866,DEER VALLEY SNOW MAKING RESERVOIR,52.0,419
181,UT00866,DEER VALLEY SNOW MAKING RESERVOIR,81.0,9
181,UT00866,DEER VALLEY SNOW MAKING RESERVOIR,90.0,36
181,UT00866,DEER VALLEY SNOW MAKING RESERVOIR,95.0,5
182,UT00260,ROLFSON,21.0,248
182,UT00260,ROLFSON,22.0,1148
182,UT00260,ROLFSON,23.0,129
182,UT00260,ROLFSON,24.0,13
182,UT00260,ROLFSON,41.0,207
182,UT00260,ROLFSON,42.0,3438
182,UT00260,ROLFSON,52.0,4785
182,UT00260,ROLFSON,71.0,2
182,UT00260,ROLFSON,81.0,2015
182,UT00260,ROLFSON,82.0,623
182,UT00260,ROLFSON,90.0,699
182,UT00260,ROLFSON,95.0,35
183,UT00165,KOOSHAREM,21.0,73
183,UT00165,KOOSHAREM,22.0,128
183,UT00165,KOOSHAREM,23.0,1
183,UT00165,KOOSHAREM,42.0,2
183,UT00165,KOOSHAREM,52.0,1967
183,UT00165,KOOSHAREM,81.0,9884
183,UT00165,KOOSHAREM,82.0,103
183,UT00165,KOOSHAREM,90.0,127
183,UT00165,KOOSHAREM,95.0,159
184,UT00354,THREE CREEKS - SEVIER,21.0,31
184,UT00354,THREE CREEKS - SEVIER,22.0,420
184,UT00354,THREE CREEKS - SEVIER,23.0,244
184,UT00354,THREE CREEKS - SEVIER,41.0,111
184,UT00354,THREE CREEKS - SEVIER,42.0,289
184,UT00354,THREE CREEKS - SEVIER,52.0,815
184,UT00354,THREE CREEKS - SEVIER,81.0,100
184,UT00354,THREE CREEKS - SEVIER,90.0,70
185,UT00238,PANGUICH LAKE,21.0,46
185,UT00238,PANGUICH LAKE,22.0,630
185,UT00238,PANGUICH LAKE,23.0,174
185,UT00238,PANGUICH LAKE,24.0,15
185,UT00238,PANGUICH LAKE,41.0,122
185,UT00238,PANGUICH LAKE,42.0,1331
185,UT00238,PANGUICH LAKE,52.0,1196
185,UT00238,PANGUICH LAKE,81.0,915
185,UT00238,PANGUICH LAKE,82.0,20
185,UT00238,PANGUICH LAKE,90.0,28
185,UT00238,PANGUICH LAKE,95.0,2
186,UT00539,SALT LAKE CO - SUGARHOUSE,21.0,95
186,UT00539,SALT LAKE CO - SUGARHOUSE,22.0,839
186,UT00539,SALT LAKE CO - SUGARHOUSE,23.0,2394
186,UT00539,SALT LAKE CO - SUGARHOUSE,24.0,546
187,UT00528,SALT LAKE CO - SHRINERS #12,21.0,4
187,UT00528,SALT LAKE CO - SHRINERS #12,22.0,262
187,UT00528,SALT LAKE CO - SHRINERS #12,23.0,68
188,UT00645,SALT LAKE CO - SCOTT AVE,21.0,37
188,UT00645,SALT LAKE CO - SCOTT AVE,22.0,615
188,UT00645,SALT LAKE CO - SCOTT AVE,23.0,2134
188,UT00645,SALT LAKE CO - SCOTT AVE,24.0,783
189,UT00530,SALT LAKE CO - SCHOOL POND #14,21.0,143
189,UT00530,SALT LAKE CO - SCHOOL POND #14,22.0,242
189,UT00530,SALT LAKE CO - SCHOOL POND #14,23.0,100
190,UT00647,SALT LAKE CO - ROTARY GLEN PARK,21.0,193
190,UT00647,SALT LAKE CO - ROTARY GLEN PARK,22.0,2432
190,UT00647,SALT LAKE CO - ROTARY GLEN PARK,23.0,1340
190,UT00647,SALT LAKE CO - ROTARY GLEN PARK,24.0,51
190,UT00647,SALT LAKE CO - ROTARY GLEN PARK,41.0,8
190,UT00647,SALT LAKE CO - ROTARY GLEN PARK,42.0,1
190,UT00647,SALT LAKE CO - ROTARY GLEN PARK,52.0,11
190,UT00647,SALT LAKE CO - ROTARY GLEN PARK,90.0,51
191,UT00527,SALT LAKE CO - FEDERAL HEIGHTS #1A,21.0,13
191,UT00527,SALT LAKE CO - FEDERAL HEIGHTS #1A,22.0,509
191,UT00527,SALT LAKE CO - FEDERAL HEIGHTS #1A,23.0,181
191,UT00527,SALT LAKE CO - FEDERAL HEIGHTS #1A,24.0,8
192,UT00529,SALT LAKE CO - CHANDLER DR #13,21.0,198
192,UT00529,SALT LAKE CO - CHANDLER DR #13,22.0,183
192,UT00529,SALT LAKE CO - CHANDLER DR #13,23.0,64
192,UT00529,SALT LAKE CO - CHANDLER DR #13,52.0,5
193,UT00818,BOUNTIFUL - NORTH CANYON (SDID #2),21.0,32
193,UT00818,BOUNTIFUL - NORTH CANYON (SDID #2),22.0,127
193,UT00818,BOUNTIFUL - NORTH CANYON (SDID #2),23.0,227
193,UT00818,BOUNTIFUL - NORTH CANYON (SDID #2),24.0,52
194,UT00169,DAVIS COUNTY - BARNARD CREEK (LOWER),21.0,9
194,UT00169,DAVIS COUNTY - BARNARD CREEK (LOWER),22.0,284
194,UT00169,DAVIS COUNTY - BARNARD CREEK (LOWER),23.0,164
195,UT00827,CENTERVILLE - BARNARD CREEK (UPPER),21.0,9
195,UT00827,CENTERVILLE - BARNARD CREEK (UPPER),22.0,296
195,UT00827,CENTERVILLE - BARNARD CREEK (UPPER),23.0,170
195,UT00827,CENTERVILLE - BARNARD CREEK (UPPER),52.0,21
195,UT00827,CENTERVILLE - BARNARD CREEK (UPPER),90.0,11
196,UT00180,SILVER SPRINGS #1,21.0,51
196,UT00180,SILVER SPRINGS #1,22.0,268
196,UT00180,SILVER SPRINGS #1,23.0,36
196,UT00180,SILVER SPRINGS #1,24.0,7
196,UT00180,SILVER SPRINGS #1,52.0,21
196,UT00180,SILVER SPRINGS #1,81.0,402
196,UT00180,SILVER SPRINGS #1,90.0,1
196,UT00180,SILVER SPRINGS #1,95.0,139
197,UT00560,SILVER SPRINGS #2,21.0,8
197,UT00560,SILVER SPRINGS #2,22.0,43
198,UT00657,FIDDLER CANYON #1,21.0,121
198,UT00657,FIDDLER CANYON #1,22.0,194
198,UT00657,FIDDLER CANYON #1,23.0,337
198,UT00657,FIDDLER CANYON #1,24.0,44
198,UT00657,FIDDLER CANYON #1,42.0,67
198,UT00657,FIDDLER CANYON #1,52.0,156
199,UT00149,IVINS BENCH,21.0,15
199,UT00149,IVINS BENCH,22.0,10
199,UT00149,IVINS BENCH,23.0,2
199,UT00149,IVINS BENCH,52.0,116
200,UT00820,VALLEYVIEW #1 (SDID #4 LOWER),21.0,30
200,UT00820,VALLEYVIEW #1 (SDID #4 LOWER),22.0,172
200,UT00820,VALLEYVIEW #1 (SDID #4 LOWER),23.0,150
200,UT00820,VALLEYVIEW #1 (SDID #4 LOWER),24.0,14
201,UT00638,LINDON CITY DRY CANYON DEBRIS BASIN,21.0,54
201,UT00638,LINDON CITY DRY CANYON DEBRIS BASIN,22.0,954
201,UT00638,LINDON CITY DRY CANYON DEBRIS BASIN,23.0,1266
201,UT00638,LINDON CITY DRY CANYON DEBRIS BASIN,24.0,45
201,UT00638,LINDON CITY DRY CANYON DEBRIS BASIN,52.0,44
202,UT00713,UTAH COUNTY THISTLE CREEK DEBRIS,52.0,132
202,UT00713,UTAH COUNTY THISTLE CREEK DEBRIS,71.0,1
203,UT00817,BOUNTIFUL - OAKRIDGE (SDID #1),21.0,13
203,UT00817,BOUNTIFUL - OAKRIDGE (SDID #1),22.0,136
203,UT00817,BOUNTIFUL - OAKRIDGE (SDID #1),23.0,83
203,UT00817,BOUNTIFUL - OAKRIDGE (SDID #1),24.0,12
203,UT00817,BOUNTIFUL - OAKRIDGE (SDID #1),90.0,6
204,UT00321,WHITE PINE,21.0,248
204,UT00321,WHITE PINE,22.0,1182
204,UT00321,WHITE PINE,23.0,622
204,UT00321,WHITE PINE,24.0,124
204,UT00321,WHITE PINE,31.0,14
204,UT00321,WHITE PINE,41.0,134
204,UT00321,WHITE PINE,42.0,762
204,UT00321,WHITE PINE,52.0,154
204,UT00321,WHITE PINE,71.0,1
204,UT00321,WHITE PINE,90.0,22
205,UT00429,JOYCE,11.0,32
205,UT00429,JOYCE,21.0,418
205,UT00429,JOYCE,22.0,877
205,UT00429,JOYCE,23.0,99
205,UT00429,JOYCE,24.0,3
205,UT00429,JOYCE,41.0,732
205,UT00429,JOYCE,42.0,567
205,UT00429,JOYCE,52.0,2641
205,UT00429,JOYCE,81.0,5837
205,UT00429,JOYCE,82.0,843
205,UT00429,JOYCE,90.0,529
205,UT00429,JOYCE,95.0,11
206,UT00803,DAVIS - MUTTON HOLLOW,21.0,104
206,UT00803,DAVIS - MUTTON HOLLOW,22.0,326
206,UT00803,DAVIS - MUTTON HOLLOW,23.0,327
206,UT00803,DAVIS - MUTTON HOLLOW,24.0,22
206,UT00803,DAVIS - MUTTON HOLLOW,81.0,1
206,UT00803,DAVIS - MUTTON HOLLOW,90.0,5
207,UT00315,WASHINGTON LAKE,11.0,4
207,UT00315,WASHINGTON LAKE,21.0,761
207,UT00315,WASHINGTON LAKE,22.0,1824
207,UT00315,WASHINGTON LAKE,23.0,46
207,UT00315,WASHINGTON LAKE,41.0,1218
207,UT00315,WASHINGTON LAKE,42.0,3001
207,UT00315,WASHINGTON LAKE,52.0,1523
207,UT00315,WASHINGTON LAKE,71.0,1
207,UT00315,WASHINGTON LAKE,81.0,5347
207,UT00315,WASHINGTON LAKE,90.0,3114
207,UT00315,WASHINGTON LAKE,95.0,212
208,UT00184,LOST LAKE,11.0,3
208,UT00184,LOST LAKE,21.0,768
208,UT00184,LOST LAKE,22.0,1801
208,UT00184,LOST LAKE,23.0,46
208,UT00184,LOST LAKE,41.0,1218
208,UT00184,LOST LAKE,42.0,3436
208,UT00184,LOST LAKE,52.0,1527
208,UT00184,LOST LAKE,71.0,9
208,UT00184,LOST LAKE,81.0,5347
208,UT00184,LOST LAKE,90.0,3119
208,UT00184,LOST LAKE,95.0,212
209,UT00580,SOUTH OGDEN CITY BURCH CREEK DEBRIS,21.0,33
209,UT00580,SOUTH OGDEN CITY BURCH CREEK DEBRIS,22.0,51
209,UT00580,SOUTH OGDEN CITY BURCH CREEK DEBRIS,23.0,38
209,UT00580,SOUTH OGDEN CITY BURCH CREEK DEBRIS,24.0,28
209,UT00580,SOUTH OGDEN CITY BURCH CREEK DEBRIS,90.0,3
209,UT00580,SOUTH OGDEN CITY BURCH CREEK DEBRIS,95.0,10
210,UT00732,SOUTH OGDEN CITY BURCH CREEK (GLASMANN),21.0,19
210,UT00732,SOUTH OGDEN CITY BURCH CREEK (GLASMANN),22.0,80
210,UT00732,SOUTH OGDEN CITY BURCH CREEK (GLASMANN),23.0,28
211,UT10101,RED BUTTE,11.0,5
211,UT10101,RED BUTTE,21.0,488
211,UT10101,RED BUTTE,22.0,3826
211,UT10101,RED BUTTE,23.0,6679
211,UT10101,RED BUTTE,24.0,4579
211,UT10101,RED BUTTE,41.0,8
211,UT10101,RED BUTTE,42.0,2
211,UT10101,RED BUTTE,52.0,89
211,UT10101,RED BUTTE,90.0,14
212,UT53326,Big Sand Wash,11.0,1141
212,UT53326,Big Sand Wash,21.0,3795
212,UT53326,Big Sand Wash,22.0,4839
212,UT53326,Big Sand Wash,23.0,726
212,UT53326,Big Sand Wash,24.0,78
212,UT53326,Big Sand Wash,31.0,2
212,UT53326,Big Sand Wash,42.0,2
212,UT53326,Big Sand Wash,52.0,48830
212,UT53326,Big Sand Wash,81.0,28830
212,UT53326,Big Sand Wash,82.0,17788
212,UT53326,Big Sand Wash,90.0,26895
212,UT53326,Big Sand Wash,95.0,2366
213,UT53205, Dutch Canyon Dam - Midway Irrigation,21.0,75
213,UT53205, Dutch Canyon Dam - Midway Irrigation,22.0,272
213,UT53205, Dutch Canyon Dam - Midway Irrigation,23.0,10
213,UT53205, Dutch Canyon Dam - Midway Irrigation,81.0,320
213,UT53205, Dutch Canyon Dam - Midway Irrigation,90.0,4
213,UT53205, Dutch Canyon Dam - Midway Irrigation,95.0,14
214,UT00517,Recapture Creek,11.0,60
214,UT00517,Recapture Creek,21.0,131
214,UT00517,Recapture Creek,22.0,22
214,UT00517,Recapture Creek,23.0,8
214,UT00517,Recapture Creek,31.0,14
214,UT00517,Recapture Creek,42.0,892
214,UT00517,Recapture Creek,52.0,33204
214,UT00517,Recapture Creek,81.0,1
214,UT00517,Recapture Creek,90.0,1139
215,UT53277,Riverton City - Black Ridge Reservoir,11.0,1
215,UT53277,Riverton City - Black Ridge Reservoir,21.0,149
215,UT53277,Riverton City - Black Ridge Reservoir,22.0,761
215,UT53277,Riverton City - Black Ridge Reservoir,23.0,1102
215,UT53277,Riverton City - Black Ridge Reservoir,24.0,39
215,UT53277,Riverton City - Black Ridge Reservoir,52.0,1
215,UT53277,Riverton City - Black Ridge Reservoir,82.0,455
216,UT53509,SANTAQUIN PRESSURE IRRIGATION RESERVOIR,21.0,113
216,UT53509,SANTAQUIN PRESSURE IRRIGATION RESERVOIR,22.0,356
216,UT53509,SANTAQUIN PRESSURE IRRIGATION RESERVOIR,23.0,389
216,UT53509,SANTAQUIN PRESSURE IRRIGATION RESERVOIR,24.0,4
216,UT53509,SANTAQUIN PRESSURE IRRIGATION RESERVOIR,52.0,1070
216,UT53509,SANTAQUIN PRESSURE IRRIGATION RESERVOIR,71.0,31
216,UT53509,SANTAQUIN PRESSURE IRRIGATION RESERVOIR,81.0,3
216,UT53509,SANTAQUIN PRESSURE IRRIGATION RESERVOIR,82.0,232
217,UT00325,WIDE HOLLOW,11.0,6
217,UT00325,WIDE HOLLOW,21.0,178
217,UT00325,WIDE HOLLOW,22.0,166
217,UT00325,WIDE HOLLOW,23.0,6
217,UT00325,WIDE HOLLOW,52.0,817
217,UT00325,WIDE HOLLOW,81.0,1246
217,UT00325,WIDE HOLLOW,82.0,265
217,UT00325,WIDE HOLLOW,90.0,127
217,UT00325,WIDE HOLLOW,95.0,13
218,UT00475,JORDAN VALLEY WATER PURIFICATION LOWER,11.0,1
218,UT00475,JORDAN VALLEY WATER PURIFICATION LOWER,21.0,638
218,UT00475,JORDAN VALLEY WATER PURIFICATION LOWER,22.0,2276
218,UT00475,JORDAN VALLEY WATER PURIFICATION LOWER,23.0,1249
218,UT00475,JORDAN VALLEY WATER PURIFICATION LOWER,24.0,137
218,UT00475,JORDAN VALLEY WATER PURIFICATION LOWER,52.0,82
218,UT00475,JORDAN VALLEY WATER PURIFICATION LOWER,71.0,3
218,UT00475,JORDAN VALLEY WATER PURIFICATION LOWER,81.0,541
218,UT00475,JORDAN VALLEY WATER PURIFICATION LOWER,82.0,12
218,UT00475,JORDAN VALLEY WATER PURIFICATION LOWER,90.0,425
218,UT00475,JORDAN VALLEY WATER PURIFICATION LOWER,95.0,254
219,UT00865,RIVERTON CITY - 3200 WEST POND,11.0,14
219,UT00865,RIVERTON CITY - 3200 WEST POND,21.0,236
219,UT00865,RIVERTON CITY - 3200 WEST POND,22.0,2143
219,UT00865,RIVERTON CITY - 3200 WEST POND,23.0,1481
219,UT00865,RIVERTON CITY - 3200 WEST POND,24.0,211
219,UT00865,RIVERTON CITY - 3200 WEST POND,52.0,51
219,UT00865,RIVERTON CITY - 3200 WEST POND,81.0,376
219,UT00865,RIVERTON CITY - 3200 WEST POND,82.0,122
219,UT00865,RIVERTON CITY - 3200 WEST POND,90.0,121
219,UT00865,RIVERTON CITY - 3200 WEST POND,95.0,78
220,UT00871,RIVERTON CITY - 4200 WEST POND,11.0,17
220,UT00871,RIVERTON CITY - 4200 WEST POND,21.0,177
220,UT00871,RIVERTON CITY - 4200 WEST POND,22.0,1071
220,UT00871,RIVERTON CITY - 4200 WEST POND,23.0,1047
220,UT00871,RIVERTON CITY - 4200 WEST POND,24.0,131
220,UT00871,RIVERTON CITY - 4200 WEST POND,81.0,1
220,UT00871,RIVERTON CITY - 4200 WEST POND,82.0,91
221,UT53257,RH LAKE DAM/KENNECOTT DAYBREAK,21.0,28
221,UT53257,RH LAKE DAM/KENNECOTT DAYBREAK,22.0,398
221,UT53257,RH LAKE DAM/KENNECOTT DAYBREAK,23.0,535
221,UT53257,RH LAKE DAM/KENNECOTT DAYBREAK,24.0,283
222,UT50376,SANDY CITY - EAST SANDY ELEMENTARY,22.0,57
222,UT50376,SANDY CITY - EAST SANDY ELEMENTARY,23.0,36
222,UT50376,SANDY CITY - EAST SANDY ELEMENTARY,24.0,4
223,UT00443,SANTA CLARA,21.0,127
223,UT00443,SANTA CLARA,22.0,98
223,UT00443,SANTA CLARA,23.0,25
223,UT00443,SANTA CLARA,24.0,7
223,UT00443,SANTA CLARA,52.0,72
223,UT00443,SANTA CLARA,81.0,42
223,UT00443,SANTA CLARA,90.0,64
223,UT00443,SANTA CLARA,95.0,4
224,UT00207,MILL HOLLOW,21.0,194
224,UT00207,MILL HOLLOW,22.0,456
224,UT00207,MILL HOLLOW,23.0,16
224,UT00207,MILL HOLLOW,41.0,672
224,UT00207,MILL HOLLOW,42.0,284
224,UT00207,MILL HOLLOW,52.0,608
224,UT00207,MILL HOLLOW,81.0,976
224,UT00207,MILL HOLLOW,90.0,1114
224,UT00207,MILL HOLLOW,95.0,18
225,UT53352,M&S DAM,21.0,411
225,UT53352,M&S DAM,22.0,178
225,UT53352,M&S DAM,52.0,1115
225,UT53352,M&S DAM,81.0,3835
225,UT53352,M&S DAM,82.0,1957
225,UT53352,M&S DAM,90.0,832
225,UT53352,M&S DAM,95.0,18
226,UT00409,JORDAN VALLEY WATER PURIFICATION UPPER,11.0,3
226,UT00409,JORDAN VALLEY WATER PURIFICATION UPPER,21.0,1209
226,UT00409,JORDAN VALLEY WATER PURIFICATION UPPER,22.0,3413
226,UT00409,JORDAN VALLEY WATER PURIFICATION UPPER,23.0,1230
226,UT00409,JORDAN VALLEY WATER PURIFICATION UPPER,24.0,31
226,UT00409,JORDAN VALLEY WATER PURIFICATION UPPER,52.0,204
226,UT00409,JORDAN VALLEY WATER PURIFICATION UPPER,71.0,10
226,UT00409,JORDAN VALLEY WATER PURIFICATION UPPER,81.0,346
226,UT00409,JORDAN VALLEY WATER PURIFICATION UPPER,82.0,9
226,UT00409,JORDAN VALLEY WATER PURIFICATION UPPER,90.0,651
226,UT00409,JORDAN VALLEY WATER PURIFICATION UPPER,95.0,302
227,UT00848,FARMINGTON IRRIGATION - RESERVOIR C,21.0,24
227,UT00848,FARMINGTON IRRIGATION - RESERVOIR C,22.0,349
227,UT00848,FARMINGTON IRRIGATION - RESERVOIR C,23.0,350
227,UT00848,FARMINGTON IRRIGATION - RESERVOIR C,52.0,23
227,UT00848,FARMINGTON IRRIGATION - RESERVOIR C,90.0,73
228,UT00857,FARMINGTON IRRIGATION - RESERVOIR B,11.0,4
228,UT00857,FARMINGTON IRRIGATION - RESERVOIR B,21.0,42
228,UT00857,FARMINGTON IRRIGATION - RESERVOIR B,22.0,185
228,UT00857,FARMINGTON IRRIGATION - RESERVOIR B,23.0,35
228,UT00857,FARMINGTON IRRIGATION - RESERVOIR B,52.0,60
228,UT00857,FARMINGTON IRRIGATION - RESERVOIR B,90.0,23
228,UT00857,FARMINGTON IRRIGATION - RESERVOIR B,95.0,3
229,UT00516,RANCHERS EXPLORATION TAILINGS,21.0,87
229,UT00516,RANCHERS EXPLORATION TAILINGS,22.0,180
229,UT00516,RANCHERS EXPLORATION TAILINGS,23.0,4
229,UT00516,RANCHERS EXPLORATION TAILINGS,52.0,3420
229,UT00516,RANCHERS EXPLORATION TAILINGS,81.0,1531
229,UT00516,RANCHERS EXPLORATION TAILINGS,82.0,3647
230,UT00099,EAST TIMOTHY,21.0,2
230,UT00099,EAST TIMOTHY,22.0,13
230,UT00099,EAST TIMOTHY,41.0,2
230,UT00099,EAST TIMOTHY,42.0,452
230,UT00099,EAST TIMOTHY,43.0,1
230,UT00099,EAST TIMOTHY,52.0,35
230,UT00099,EAST TIMOTHY,71.0,1
230,UT00099,EAST TIMOTHY,90.0,28
230,UT00099,EAST TIMOTHY,95.0,4
231,UT00093,DRY LAKE,21.0,144
231,UT00093,DRY LAKE,22.0,1073
231,UT00093,DRY LAKE,23.0,852
231,UT00093,DRY LAKE,24.0,149
231,UT00093,DRY LAKE,41.0,26
231,UT00093,DRY LAKE,42.0,107
231,UT00093,DRY LAKE,52.0,160
231,UT00093,DRY LAKE,71.0,21
231,UT00093,DRY LAKE,82.0,1
231,UT00093,DRY LAKE,90.0,57
232,UT00639,LINDON SQUAW HOLLOW,22.0,34
232,UT00639,LINDON SQUAW HOLLOW,23.0,19
233,UT00521,RED LAKE,21.0,145
233,UT00521,RED LAKE,22.0,1071
233,UT00521,RED LAKE,23.0,852
233,UT00521,RED LAKE,24.0,149
233,UT00521,RED LAKE,41.0,26
233,UT00521,RED LAKE,42.0,125
233,UT00521,RED LAKE,52.0,144
233,UT00521,RED LAKE,71.0,9
233,UT00521,RED LAKE,82.0,1
233,UT00521,RED LAKE,90.0,57
234,UT00056,BRUSH,21.0,42
234,UT00056,BRUSH,22.0,292
234,UT00056,BRUSH,23.0,13
234,UT00056,BRUSH,31.0,7
234,UT00056,BRUSH,41.0,44
234,UT00056,BRUSH,42.0,770
234,UT00056,BRUSH,52.0,3264
234,UT00056,BRUSH,81.0,329
234,UT00056,BRUSH,90.0,5
