railroad_id,railroad_type,portion,length_mile
73388,AC; OVERHEAD,0.0055691136788145815,0.20216867131750654
77485,AC; OVERHEAD,0.5971760362410632,0.6826273378947221
77486,AC; OVERHEAD,0.279640201151633,0.44279774196042454
77487,AC; OVERHEAD,0.03503944507537698,0.01632703126760213
77549,AC; OVERHEAD,0.42428622583336634,0.7339352552581614
78740,AC; OVERHEAD,0.5793090192337413,0.2735338302468831
68352,AC; OVERHEAD,0.004363099448250925,0.7469849144784894
73406,AC; OVERHEAD,0.08161349849338245,0.743003714005461
68352,AC; OVERHEAD,0.0004948489129139544,0.08472066183157627
73404,AC; OVERHEAD,0.0021979464471901513,0.08115415003556543
73388,AC; OVERHEAD,0.018117404977714056,0.6576938276550449
77476,AC; OVERHEAD,0.21726758909096894,1.1307385529618692
73388,AC; OVERHEAD,0.017997132879345446,0.6533277378737844
77476,AC; OVERHEAD,0.2171018592949844,1.1298760355911088
68352,AC; OVERHEAD,0.0005088736265568606,0.0871217644526342
73404,AC; OVERHEAD,0.0022886360395005276,0.08450265599685915
74143,AC; OVERHEAD,0.14967701352934448,1.8984798082056584
74144,AC; OVERHEAD,0.6715792797659086,4.834650302450995
74369,AC; OVERHEAD,0.4227069078902986,3.0990495679952748
74370,AC; OVERHEAD,1.0,0.011579664158674296
74371,AC; OVERHEAD,0.15435861691632882,2.622035830540456
78770,AC; OVERHEAD,1.0,0.07117680094031906
79835,AC; OVERHEAD,0.07926892541887257,2.069827911721794
78771,AC; OVERHEAD,0.008972722107088856,0.04466788239537811
79836,AC; OVERHEAD,0.2340268718277776,1.0604415719697802
74204,AC; OVERHEAD,0.0005119981268182346,0.006379250339047343
74205,AC; OVERHEAD,0.017022543156084678,0.14197808153026825
74209,AC; OVERHEAD,0.055904400935686764,0.22088360620291997
74212,AC; OVERHEAD,0.001438456471495035,0.011492087274878448
75361,AC; OVERHEAD,0.21825335808197327,0.6180792563503179
79718,AC; OVERHEAD,0.20081751202482137,0.07556929985623884
79763,AC; OVERHEAD,0.08209804542330669,0.6152431031826259
68319,AC; OVERHEAD,0.0012591865084285129,0.11373222847763666
71358,AC; OVERHEAD,0.0023826686413567135,0.07030698686057646
71359,AC; OVERHEAD,0.0022250040440430943,0.06564544409300638
71360,AC; OVERHEAD,0.0022710216958455993,0.06701770124978237
68317,AC; OVERHEAD,0.009488486776085995,0.8139559720207074
68318,AC; OVERHEAD,0.009872974407100747,0.8120132443598819
71361,AC; OVERHEAD,0.0031316686257675903,0.08214820359065424
74216,AC; OVERHEAD,0.07583647018054511,0.40572259239348446
74217,AC; OVERHEAD,0.09319145439170697,0.40557017230270215
74213,AC; OVERHEAD,0.00034066382276190526,0.004720914426392037
74210,AC; OVERHEAD,0.00418451397245137,0.038962088111043854
74211,AC; OVERHEAD,0.0040167860930408715,0.005519917573850196
69634,AC; OVERHEAD,0.02360074806714412,2.0798276869833856
69635,AC; OVERHEAD,0.03768115989676332,2.078413976557816
74156,AC; OVERHEAD,0.11718713773418156,0.5593058806677657
74155,AC; OVERHEAD,0.12400985793617962,0.5658360866279619
75399,AC; OVERHEAD,0.5072212520773236,0.05095629191038349
75398,AC; OVERHEAD,0.13855180997877686,0.1185513401121223
74236,AC; OVERHEAD,0.018437373515140992,0.13228413150876553
74154,AC; OVERHEAD,0.12600066558181622,0.28269141353013705
74156,AC; OVERHEAD,0.09114002576933095,0.434989311648064
74153,AC; OVERHEAD,0.06331856360031798,0.2551295491182526
74155,AC; OVERHEAD,0.09637544453969654,0.43974491458120013
68352,AC; OVERHEAD,0.0004948489129139544,0.08472066183157627
73404,AC; OVERHEAD,0.0021979464471901513,0.08115415003556543
73388,AC; OVERHEAD,0.018117404977714056,0.6576938276550449
77476,AC; OVERHEAD,0.01389697553695503,0.07232485100492236
78749,AC; OVERHEAD,0.011145870551360373,0.07774025305465075
68352,AC; OVERHEAD,0.000482893019343794,0.08267375177556086
73411,AC; OVERHEAD,0.09166139588835492,1.246578250082237
78743,AC; OVERHEAD,0.024810984054778287,0.17078400753442063
68352,AC; OVERHEAD,0.0013674350127667622,0.23411185974134766
73407,AC; OVERHEAD,0.014698995590177065,0.7040350087143584
68360,AC; OVERHEAD,0.0032459807472337873,0.5159659079197669
74649,AC; OVERHEAD,0.4152437241227274,0.29715480278896306
74650,AC; OVERHEAD,0.3546844619074776,0.23809798087356368
74651,AC; OVERHEAD,0.15452843879517597,0.08939689877165036
75472,AC; OVERHEAD,0.00938961255899083,0.06850736367911198
77327,AC; OVERHEAD,0.1654580299449626,0.5780525789424772
77328,AC; OVERHEAD,0.04803335898705328,0.020988893707668026
77330,AC; OVERHEAD,0.041188223632374184,0.053336499755292956
77331,AC; OVERHEAD,0.006374051835455339,0.030316173460054868
68351,AC; OVERHEAD,0.005384129696087981,0.3225656950091635
68353,AC; OVERHEAD,0.004554121871527487,0.3575304712730775
68354,AC; OVERHEAD,0.004052114541653039,0.347218917337027
68355,AC; OVERHEAD,0.013241034248894805,0.2604412534799572
76508,AC; OVERHEAD,0.030285856615007333,0.32080225633601767
77326,AC; OVERHEAD,0.04735727061637108,0.4632969812756406
76588,AC; OVERHEAD,0.020299733435269415,0.3259522291396865
72275,AC; OVERHEAD,0.006140513333426975,0.9786540166802052
72384,AC; OVERHEAD,0.0005423144122982261,0.09197836354324668
68361,AC; OVERHEAD,0.02589215810806104,1.188143427157616
75301,AC; OVERHEAD,0.04799929981405578,0.4098994274851885
75302,AC; OVERHEAD,0.25253092454140325,1.8098198983139266
75303,AC; OVERHEAD,0.1498785356228987,1.457688118280276
79715,AC; OVERHEAD,0.002938151244503075,1.4362522749283093
79716,AC; OVERHEAD,0.0031831095410337217,1.5559025223519596
75276,AC; OVERHEAD,0.16311389565999274,0.8873276612579591
75277,AC; OVERHEAD,0.11212181287106916,0.1968116669451633
75278,AC; OVERHEAD,0.595501215242557,0.24287540637332028
80256,AC; OVERHEAD,0.40993776624163547,1.0493711591105521
74052,AC; OVERHEAD,0.23076793870322643,0.4131951583323306
80255,AC; OVERHEAD,0.8119548119530542,0.9948671568125876
94496,OVERHEAD,0.050204939200883696,0.2961729890388402
94497,OVERHEAD,0.046016243129608746,0.27158856325884606
76557,AC; OVERHEAD,0.033275344783074916,0.47241764156152044
76559,AC; OVERHEAD,0.012691537987447894,0.07844627293225595
76561,AC; OVERHEAD,0.026478625378511225,0.11006271764471377
76562,AC; OVERHEAD,0.017976326669063798,0.34450094896639033
68328,AC; OVERHEAD,0.012287876509334595,0.1944413394617833
68330,AC; OVERHEAD,0.00843828021592147,0.07069469209740543
68331,AC; OVERHEAD,0.008555724976664012,0.07175125319697476
71936,AC; OVERHEAD,0.3952928223891264,0.9979847408730963
71937,AC; OVERHEAD,0.6282523072603818,1.3903801223019856
71940,AC; OVERHEAD,0.5434987224401726,0.9719494888447375
71941,AC; OVERHEAD,1.0,0.09014677267330741
71946,AC; OVERHEAD,0.3120597924138243,0.9963112703915569
71957,AC; OVERHEAD,0.09855386148280629,0.8652947089169913
71958,AC; OVERHEAD,0.029015080041667664,0.0670165060315309
71959,AC; OVERHEAD,0.011860857596954306,0.06483151421050266
71964,AC; OVERHEAD,0.21329545921151347,0.7552219902695809
71966,AC; OVERHEAD,0.02009951628580407,0.07850590681800253
71967,AC; OVERHEAD,0.07541959242127913,0.23073265990977418
71968,AC; OVERHEAD,0.3490279740162171,0.639467310395432
71969,AC; OVERHEAD,0.3008606939046457,0.07843615609564956
71979,AC; OVERHEAD,0.16131809374416395,1.2600472104325806
77352,AC; OVERHEAD,0.2838988233865639,0.6898175186937606
77358,AC; OVERHEAD,0.21183088435973446,0.9581459721746824
68329,AC; OVERHEAD,0.021624879382958897,0.1868877285765107
71933,AC; OVERHEAD,0.0648673293393199,0.14803264178174957
71930,AC; OVERHEAD,0.09041350286474545,0.17040331216888147
71931,AC; OVERHEAD,0.09320164495835756,0.15248085286465393
77355,AC; OVERHEAD,0.15089912260844557,0.06942242689677675
77359,AC; OVERHEAD,1.0,0.007272053541416945
77360,AC; OVERHEAD,0.9706688017360007,1.9533676545671488
77400,AC; OVERHEAD,0.548875483596771,0.16935149555151321
77327,AC; OVERHEAD,0.11581285064459575,0.4046096584859446
77328,AC; OVERHEAD,3.01780187019326e-05,1.3186736055948246e-05
68353,AC; OVERHEAD,0.0026431354968280635,0.20750465325219258
68354,AC; OVERHEAD,0.002832113134863535,0.24267903741490296
76508,AC; OVERHEAD,0.027553047642971663,0.2918550386459644
77326,AC; OVERHEAD,0.02376643655520594,0.23250745172589293
77327,AC; OVERHEAD,0.11581285064459575,0.4046096584859446
77328,AC; OVERHEAD,3.01780187019326e-05,1.3186736055948246e-05
68353,AC; OVERHEAD,0.0026431354968280635,0.20750465325219258
68354,AC; OVERHEAD,0.002832113134863535,0.24267903741490296
76508,AC; OVERHEAD,0.027553047642971663,0.2918550386459644
77326,AC; OVERHEAD,0.02376643655520594,0.23250745172589293
77327,AC; OVERHEAD,0.11581285064459575,0.4046096584859446
77328,AC; OVERHEAD,3.01780187019326e-05,1.3186736055948246e-05
68353,AC; OVERHEAD,0.0026431354968280635,0.20750465325219258
68354,AC; OVERHEAD,0.002832113134863535,0.24267903741490296
76508,AC; OVERHEAD,0.027553047642971663,0.2918550386459644
77326,AC; OVERHEAD,0.02376643655520594,0.23250745172589293
71755,AC; OVERHEAD,0.03775360589165187,0.23150522823203465
68320,AC; OVERHEAD,0.0046351488276608335,0.21628671179811662
68322,AC; OVERHEAD,0.004584071155825279,0.2145153838995553
68323,AC; OVERHEAD,0.004562877028308089,0.21383062215139126
68324,AC; OVERHEAD,0.0075450581487637005,0.21644006928293866
71767,AC; OVERHEAD,0.015149584836150974,0.2134353811162585
71769,AC; OVERHEAD,0.015489039412464111,0.19056888048232726
71770,AC; OVERHEAD,0.022977618140245085,0.22097701848752804
71874,AC; OVERHEAD,0.37613273656776386,0.23564353864775012
71877,AC; OVERHEAD,0.12373856341660722,0.1577595259541747
71879,AC; OVERHEAD,0.1895684629652448,0.3453301942213238
75401,AC; OVERHEAD,0.10028704455508299,0.16973391783286434
75412,AC; OVERHEAD,0.29026284714030853,0.23689996892268997
71798,AC; OVERHEAD,0.23195869844420933,1.5334735690121797
71807,AC; OVERHEAD,0.2508036025032475,0.7642549729914926
71816,AC; OVERHEAD,0.06673158128790366,0.17494208407238152
71819,AC; OVERHEAD,0.0949611330391497,0.23509372614241175
71821,AC; OVERHEAD,0.11358862563026138,1.9519842771796583
71830,AC; OVERHEAD,0.06020882530812204,0.0712729459449476
71831,AC; OVERHEAD,1.0,0.5549282482000384
71832,AC; OVERHEAD,0.10939314313382217,0.7814024662644302
71840,AC; OVERHEAD,0.3551617942071419,0.7957644296088434
71841,AC; OVERHEAD,0.6413137350758547,0.42474877310849385
71842,AC; OVERHEAD,0.5182627389124154,0.6728556130607238
71843,AC; OVERHEAD,0.9978419492532906,0.9650027885261526
71844,AC; OVERHEAD,0.007193056325685719,0.007739556340449345
71845,AC; OVERHEAD,0.27857848723524253,1.2767171224919727
71846,AC; OVERHEAD,1.0,0.8525566492685668
71847,AC; OVERHEAD,0.5121896660170444,0.6032139977208588
71854,AC; OVERHEAD,0.09091862634775975,0.2079949914367095
71855,AC; OVERHEAD,0.13274509622721578,0.29611690124356044
71876,AC; OVERHEAD,0.1386982506722598,0.20383541557504625
71875,AC; OVERHEAD,0.4669867144859296,0.1645026710331344
71768,AC; OVERHEAD,0.0185890042507456,0.16394776547603188
71881,AC; OVERHEAD,0.07738689102471581,0.1446951565649401
71873,AC; OVERHEAD,0.09133353265753438,0.1465267910526709
79810,AC; OVERHEAD,0.186766661823872,0.16612409934473923
78692,AC; OVERHEAD,0.23633209367649952,2.310119551580449
79715,AC; OVERHEAD,0.012058148956836072,5.894367726331694
79716,AC; OVERHEAD,0.012016545433307022,5.873682042235834
68344,AC; OVERHEAD,0.021436051013250097,1.0795558005166521
68345,AC; OVERHEAD,0.02146907563470763,1.082787962606895
68358,AC; OVERHEAD,0.0681623539523565,6.039188563711313
72273,AC; OVERHEAD,0.06258882415140447,6.325245765101152
72277,AC; OVERHEAD,0.23932090942864842,5.223291221062908
73418,AC; OVERHEAD,0.015498273160245353,0.40696694494042807
78697,AC; OVERHEAD,0.2041417969435062,0.08636055489147162
78698,AC; OVERHEAD,0.11567309589464347,1.3256086559271483
78699,AC; OVERHEAD,1.0,0.024588824816775698
78700,AC; OVERHEAD,0.15340332176935528,2.208288100823917
78701,AC; OVERHEAD,0.18106026333494424,5.995222444488568
78726,AC; OVERHEAD,0.7088862154510678,13.068358271714535
68356,AC; OVERHEAD,0.010115187881606378,0.7570446648720314
68357,AC; OVERHEAD,0.010151195206834572,0.7584871594590056
72275,AC; OVERHEAD,0.006163711744715918,0.9823513001410089
76554,AC; OVERHEAD,0.6427945207242535,0.7748853307913973
76555,AC; OVERHEAD,0.019048372421878783,0.567367144235646
76556,AC; OVERHEAD,0.08809509168665147,0.19501897395894302
76570,AC; OVERHEAD,0.3886275645115982,0.8681107784239211
76572,AC; OVERHEAD,0.25270778305847214,1.8221839086355565
76574,AC; OVERHEAD,0.3128025121406833,1.8698084765677947
76575,AC; OVERHEAD,1.0,0.011231850529240717
76577,AC; OVERHEAD,0.8460576757847664,3.850439095801101
76578,AC; OVERHEAD,0.3763880383055543,6.843227526532307
76580,AC; OVERHEAD,0.1600748940503853,2.179054098217673
68359,AC; OVERHEAD,0.07012932198371208,7.782290426107536
72383,AC; OVERHEAD,0.08029435984922353,7.569191439311786
76542,AC; OVERHEAD,0.6033158836442116,6.851532990657621
76576,AC; OVERHEAD,1.0,0.03146268831364298
76543,AC; OVERHEAD,0.7356715370598034,2.8664803883299137
76545,AC; OVERHEAD,0.4226517433621854,9.576895125043368
76546,AC; OVERHEAD,0.5579893135122672,0.5829067318478702
76552,AC; OVERHEAD,1.0,0.006806687804853375
76553,AC; OVERHEAD,0.9674462399819906,8.417903682050264
69634,AC; OVERHEAD,0.02360074806714412,2.0798276869833856
69635,AC; OVERHEAD,0.03768115989676332,2.078413976557816
71825,AC; OVERHEAD,0.4684508402071473,1.3333652076683797
71826,AC; OVERHEAD,0.07740588262048394,0.39058533329987455
71838,AC; OVERHEAD,0.04941807463409788,0.2797618558053032
71892,AC; OVERHEAD,0.07858285320273696,0.2902583063208862
71897,AC; OVERHEAD,0.18489869138470283,0.6855899929182674
68363,AC; OVERHEAD,0.0008343859016173954,0.08435740832269088
72233,AC; OVERHEAD,0.003907930045995357,0.1731942931951089
72234,AC; OVERHEAD,0.009021818219582443,0.17783646668716552
72385,AC; OVERHEAD,0.0070436544005974605,0.14106163590215712
72386,AC; OVERHEAD,0.006838456610897354,0.13719509968009083
75197,AC; OVERHEAD,0.0070355332382749155,0.1422364293276021
75506,AC; OVERHEAD,0.006887139912284261,0.13583490319481636
72233,AC; OVERHEAD,0.005705726611945651,0.2528702602374127
72234,AC; OVERHEAD,0.005266129761289141,0.10380500771241781
76578,AC; OVERHEAD,0.060936167043731365,1.1078993305746605
76580,AC; OVERHEAD,0.06300083534768386,0.8576124898904902
76581,AC; OVERHEAD,0.019665685828057847,0.2099585954541653
78764,AC; OVERHEAD,0.12066009220919255,0.6884326052276748
76578,AC; OVERHEAD,0.004161304961391243,0.07565797464310063
76580,AC; OVERHEAD,0.01670301831621553,0.22737344747576735
76581,AC; OVERHEAD,0.007955173468622075,0.08493256033222632
78764,AC; OVERHEAD,0.07651299084943601,0.4365489588132893
76545,AC; OVERHEAD,0.02970832199579038,0.6731629256545943
76548,AC; OVERHEAD,0.14364042284256448,0.735682180784062
76550,AC; OVERHEAD,0.1210352802100378,0.8532684995100508
76568,AC; OVERHEAD,0.1099259253062268,0.8414132387776311
76545,AC; OVERHEAD,0.07566524469464704,1.7145040199926735
76548,AC; OVERHEAD,0.14819933333914573,0.7590315217965168
76549,AC; OVERHEAD,1.0,0.1363834215359663
76550,AC; OVERHEAD,0.11948306954085776,0.8423258019237243
76568,AC; OVERHEAD,0.10431176716619357,0.7984404189404932
76545,AC; OVERHEAD,0.03715615028092789,0.8419237825924796
68360,AC; OVERHEAD,0.0034672011584162767,0.5511300691377374
72261,AC; OVERHEAD,0.007554218956742873,0.2795271552041726
72263,AC; OVERHEAD,0.012642224503882644,0.3440423605507855
68356,AC; OVERHEAD,0.003449476062600228,0.25816697429257934
68357,AC; OVERHEAD,0.002675688900182653,0.19992480019782605
76577,AC; OVERHEAD,0.08727344970222778,0.39718462745130423
76578,AC; OVERHEAD,0.021716972910846358,0.39484301224210067
79728,AC; OVERHEAD,0.004070584171882508,0.01550583230294111
79729,AC; OVERHEAD,0.6000619539199377,0.2287927393750383
79811,AC; OVERHEAD,0.00948395404879717,0.0797405982715336
79812,AC; OVERHEAD,0.07970987124562891,1.0904307282564896
73870,AC; OVERHEAD,0.05436550037389277,0.7112831274682346
79846,AC; OVERHEAD,0.09206344013634546,1.3957690545729682
68352,AC; OVERHEAD,0.002577656379202714,0.4413079401033485
73404,AC; OVERHEAD,0.011985704226030298,0.44254474001614424
73388,AC; OVERHEAD,0.01851082273017556,0.671975587531922
77476,AC; OVERHEAD,0.24067383595805528,1.2525530666842823
68352,AC; OVERHEAD,0.0005052999212150028,0.08650992784179802
73404,AC; OVERHEAD,0.002267555251326101,0.08372429606522273
73396,AC; OVERHEAD,0.004024077886372937,0.15726969217198872
68347,AC; OVERHEAD,0.13589270407792786,4.771874505221723
68349,AC; OVERHEAD,0.3288249932906149,4.7803705247686805
68350,AC; OVERHEAD,0.17294545752175497,0.05053282229861754
72190,AC; OVERHEAD,0.05952026771065903,0.2752787230119582
72193,AC; OVERHEAD,0.023016819093299654,0.27668410969588125
72205,AC; OVERHEAD,0.643037526522219,3.093567722373423
72216,AC; OVERHEAD,0.565036465754411,1.4421396786574954
72217,AC; OVERHEAD,1.0,2.256272974460671
72219,AC; OVERHEAD,1.0,1.9541062152130437
72220,AC; OVERHEAD,0.9068173863729352,2.22028357792598
72222,AC; OVERHEAD,0.6818701283487385,0.4715544273206004
72201,AC; OVERHEAD,0.6054492563449032,2.819299198763299
72198,AC; OVERHEAD,0.31276755181020094,2.8186827824310923
80195,AC; OVERHEAD,0.539874598200733,1.930405727048229
80196,AC; OVERHEAD,1.0,0.013441130977249943
78783,AC; OVERHEAD,0.176026996261564,0.771324212637433
75175,AC; OVERHEAD,0.14453506203125965,0.045536426682235856
75176,NOT AVAILABLE,1.0,0.008165992356100974
74411,AC; OVERHEAD,0.844485619806327,0.8707105227501937
74470,AC; OVERHEAD,0.11082543164480545,0.7131343521448917
74807,AC; OVERHEAD,0.41962294484410606,0.0599391679835639
75263,AC; OVERHEAD,0.143737143292521,0.22360818623516784
75276,AC; OVERHEAD,0.015223650569146551,0.08281554554669636
77472,AC; OVERHEAD,0.0001944387486593203,0.043482380941588836
77473,AC; OVERHEAD,0.0021302001581576784,0.061823536401531286
94500,OVERHEAD,0.08262559024234442,0.5351943744857433
94501,OVERHEAD,0.08296410903250959,0.5327956920877177
74052,AC; OVERHEAD,0.2185682501557001,0.39135134298550756
74453,AC; OVERHEAD,0.017394015464348205,0.08689540006902152
74457,AC; OVERHEAD,0.012036790084935692,0.04733167643735787
74469,AC; OVERHEAD,0.050780497540489224,0.06959784420375063
75287,AC; OVERHEAD,0.008889044455726452,0.17909603320543727
79994,AC; OVERHEAD,0.12683463936426287,0.4050594788193165
75302,AC; OVERHEAD,0.30663451586985724,2.1975655034682253
75303,AC; OVERHEAD,0.40590394952395437,3.9477391604145553
75302,AC; OVERHEAD,0.30663452077296083,2.1975655386074244
75303,AC; OVERHEAD,0.4059039559100236,3.947739222524164
75263,AC; OVERHEAD,0.042180353404741966,0.06561889365226797
75265,AC; OVERHEAD,0.3455306154978149,0.1361291055829846
75266,AC; OVERHEAD,0.10624148541342694,0.9341017153837923
80228,AC; OVERHEAD,0.07144344481900862,0.37105303793847744
74062,AC; OVERHEAD,0.1486147656856678,0.37028949003204314
74413,AC; OVERHEAD,0.02530740786817196,0.06825256380131699
74411,AC; OVERHEAD,0.31030957588167557,0.31994602003085565
74470,AC; OVERHEAD,0.11105103217704351,0.7145860359959122
74807,AC; OVERHEAD,0.5166983612785454,0.07380547287520883
75263,AC; OVERHEAD,0.14984018759803214,0.23310253568728492
75276,AC; OVERHEAD,0.015754466931303206,0.08570314772972391
75286,AC; OVERHEAD,0.012042184803810458,0.03320788687768983
77472,AC; OVERHEAD,0.00019646594159450275,0.04393572255203164
77473,AC; OVERHEAD,0.002348270587850012,0.06815246520972436
94500,OVERHEAD,0.08109406805118291,0.525274178349103
94501,OVERHEAD,0.0809931781397422,0.5201383695260112
74052,AC; OVERHEAD,0.22161800808989424,0.3968120028136269
74453,AC; OVERHEAD,0.016770338340428004,0.08377969206542553
74457,AC; OVERHEAD,0.012481880268393811,0.049081882630223984
74469,AC; OVERHEAD,0.04626235865696842,0.06340545260980329
79994,AC; OVERHEAD,0.10032482007042653,0.32039764163841483
74411,AC; OVERHEAD,0.7323359019052652,0.7550780747727903
74470,AC; OVERHEAD,0.19700105196771137,1.2676532406128544
74807,AC; OVERHEAD,0.6246029209284604,0.08921861843008684
74968,AC; OVERHEAD,0.28989936363449126,0.024651876025990397
75263,AC; OVERHEAD,0.14236359682202712,0.22147139522943737
75276,AC; OVERHEAD,0.22803624592206884,1.2405004978720717
77472,AC; OVERHEAD,0.0006128028576168536,0.1370412403943075
77473,AC; OVERHEAD,0.005758968150868493,0.16713911871004725
94500,OVERHEAD,0.0767397952970197,0.4970700556775484
94501,OVERHEAD,0.07640382191279624,0.49066551366475436
74052,AC; OVERHEAD,0.39260489571891527,0.7029678514277827
74056,AC; OVERHEAD,0.004395265362247278,0.00800639663438323
74057,AC; OVERHEAD,0.0056531112108661906,0.010501684759643385
74453,AC; OVERHEAD,0.022777940684366674,0.11379191150964366
74457,AC; OVERHEAD,0.01366815540735901,0.053746613895534784
74469,AC; OVERHEAD,0.12160259519603654,0.16666395339032294
75128,AC; OVERHEAD,0.3602986921351678,0.022898142227944736
79994,AC; OVERHEAD,0.13117597066657818,0.4189239672864419
74411,AC; OVERHEAD,0.732335782224435,0.7550779513753566
74470,AC; OVERHEAD,0.1970012805107359,1.2676547112309184
74807,AC; OVERHEAD,0.6245995065960916,0.08921813072500799
74968,AC; OVERHEAD,0.2898990281184706,0.02465184749505731
75263,AC; OVERHEAD,0.1423650543433251,0.2214736626579279
75276,AC; OVERHEAD,0.22803626303857716,1.2405005909846247
77472,AC; OVERHEAD,0.0006127998962634526,0.1370405781461827
77473,AC; OVERHEAD,0.005758976113734397,0.16713934981158393
94500,OVERHEAD,0.07673983326516554,0.4970703016102915
94501,OVERHEAD,0.07640384748588586,0.49066567789519266
74052,AC; OVERHEAD,0.392605258468695,0.7029685009393808
74056,AC; OVERHEAD,0.004395293859290951,0.00800644854447642
74057,AC; OVERHEAD,0.0056531362941543446,0.01050173135642436
74453,AC; OVERHEAD,0.022777708108954756,0.11379074963109376
74457,AC; OVERHEAD,0.06504788406364359,0.2557845887242284
74469,AC; OVERHEAD,0.12160197524087372,0.1666631037030429
75128,AC; OVERHEAD,0.36029907869532485,0.022898166795087636
79994,AC; OVERHEAD,0.13117590689223427,0.4189237636165088
74411,AC; OVERHEAD,0.37002117316323274,0.3815119186842837
74470,AC; OVERHEAD,0.11589228404072315,0.7457382991555137
75263,AC; OVERHEAD,0.19458404536619106,0.3027094073108629
75276,AC; OVERHEAD,0.03946679626782195,0.21469648485785148
75286,AC; OVERHEAD,0.011448676111055418,0.031571209659142375
77472,AC; OVERHEAD,0.0002503025676209852,0.05597521929655645
77473,AC; OVERHEAD,0.0032968135763124288,0.09568146606490256
94500,OVERHEAD,0.07628651176465458,0.49413398229087363
94501,OVERHEAD,0.07587479636793444,0.48726811044312424
74052,AC; OVERHEAD,0.21896359207404345,0.3920592115371929
74453,AC; OVERHEAD,0.01841681701632852,0.09200501666288469
74457,AC; OVERHEAD,0.021068893864974375,0.08284817299904994
79994,AC; OVERHEAD,0.1195194852523247,0.3816977810456124
68356,AC; OVERHEAD,0.029346843527926585,2.1963874110584385
68357,AC; OVERHEAD,0.025582298613626257,1.9114837822069726
74440,AC; OVERHEAD,0.016858758748638646,0.472430845888479
74316,AC; OVERHEAD,0.0050653883197544864,0.2428177746938169
74337,AC; OVERHEAD,0.012048033121431006,0.08461716253658617
74345,AC; OVERHEAD,0.4517154552759167,0.9025341105216425
77460,AC; OVERHEAD,0.3035976014351438,0.9164722002460874
74336,AC; OVERHEAD,0.14101140614472704,0.3338483577114042
74338,AC; OVERHEAD,0.04907142937285132,0.0831898980754737
74339,AC; OVERHEAD,0.7613364849876446,0.08939623950930842
74340,AC; OVERHEAD,0.014161754847819908,0.07232315598353876
77447,AC; OVERHEAD,0.1361237054434824,0.2772816414486003
77448,AC; OVERHEAD,0.40935706554173973,0.38574630889538297
73752,AC; OVERHEAD,0.009509033968014759,0.161198906352951
73752,AC; OVERHEAD,0.00043941431366820215,0.007449032892027294
73752,AC; OVERHEAD,0.00043941431366820215,0.007449032892027294
76529,AC; OVERHEAD,0.06294674731191302,0.142705136099971
76530,AC; OVERHEAD,0.18454155936533118,0.9837985110865418
73753,AC; OVERHEAD,0.003716005749150046,0.1287727838605958
76529,AC; OVERHEAD,0.06694799734795881,0.15177627885711012
76530,AC; OVERHEAD,0.15047378527197783,0.802181830571106
73753,AC; OVERHEAD,0.003651260221350054,0.12652912160059107
73754,AC; OVERHEAD,0.006524292460189868,0.12924415565699657
74371,AC; OVERHEAD,0.13848558624037974,2.3524062108725983
74372,AC; OVERHEAD,0.03890858820951128,0.3848263412776118
76528,AC; OVERHEAD,0.017091888006927472,0.11997962582194503
76529,AC; OVERHEAD,0.08904070218297927,0.20186214643459824
76530,AC; OVERHEAD,0.17516236265465296,0.9337976343686522
73753,AC; OVERHEAD,0.006808705455813108,0.23594580181487174
74214,AC; OVERHEAD,0.012554248969902303,0.28368671428354114
80174,AC; OVERHEAD,0.4297674904321198,0.29505038295898617
68319,AC; OVERHEAD,0.0009588444263441877,0.08660473459772364
75368,AC; OVERHEAD,0.07792109337654024,0.08330790801081162
68317,AC; OVERHEAD,0.0009942269377314931,0.08528830493287862
75355,AC; OVERHEAD,0.08248223193417542,0.29246009211821966
79743,AC; OVERHEAD,0.9277660511394221,0.01947961208607967
74183,AC; OVERHEAD,0.011643887186585189,0.15332227764295067
74184,AC; OVERHEAD,0.039495474554853895,0.15926930207412965
74185,AC; OVERHEAD,0.016851237723109386,0.1674575451733171
74896,AC; OVERHEAD,1.0,0.043463325593973055
75416,AC; OVERHEAD,0.007472035674731161,0.017083445562428363
74146,AC; OVERHEAD,0.7477729864091488,0.2208396916598594
74190,AC; OVERHEAD,0.05319317421891626,0.05288746530659051
74198,AC; OVERHEAD,0.5327445016669293,1.1138409930683897
74199,AC; OVERHEAD,0.27554177121782675,1.122945653999889
74437,AC; OVERHEAD,0.10245152218559575,0.15789937609555182
74438,AC; OVERHEAD,0.08723531031995967,0.06344168256092181
74439,AC; OVERHEAD,1.0,0.539586755608561
74164,AC; OVERHEAD,0.18933225038957113,0.9333021990587589
74165,AC; OVERHEAD,0.3637761840280341,1.2907751889085732
74166,AC; OVERHEAD,0.8876548434596453,0.37614026465905276
74167,AC; OVERHEAD,0.11405081927276822,0.43891022494017345
74168,AC; OVERHEAD,0.023168453717537188,0.11157765415158362
75122,AC; OVERHEAD,0.18043221876003404,0.0027613186170016234
74236,AC; OVERHEAD,0.017059377181372466,0.12239730852472519
75398,AC; OVERHEAD,0.6063668459414788,0.5188355330539128
74231,AC; OVERHEAD,0.3441092143675073,1.0607323031014921
74245,AC; OVERHEAD,0.6490984702474465,1.0605470039189586
74169,AC; OVERHEAD,0.09280269415969732,0.12804733713464708
74191,AC; OVERHEAD,0.03482165329602137,0.29984371742473903
74191,AC; OVERHEAD,0.05718800066635717,0.49243677679853903
73823,AC; OVERHEAD,0.9016821210398609,0.30945044906289576
74167,AC; OVERHEAD,0.1875488132455718,0.7217580051924384
74168,AC; OVERHEAD,0.1903079490477158,0.9165097843828148
74169,AC; OVERHEAD,0.1415940254033713,0.19536865897316966
74170,AC; OVERHEAD,0.25133011925118326,0.6585046681115903
74190,AC; OVERHEAD,0.8473469773170611,0.842477150941744
74191,AC; OVERHEAD,0.09104713799670332,0.7839924223510073
74193,AC; OVERHEAD,0.27047957898920844,0.19302484518022905
74194,AC; OVERHEAD,0.19919485487541888,0.1931389858392778
74195,AC; OVERHEAD,0.17696960233052314,0.18873091940822045
74198,AC; OVERHEAD,0.19356204795551515,0.40469182326711883
74199,AC; OVERHEAD,0.09944368641933314,0.4052737811358499
74437,AC; OVERHEAD,1.0,1.54121064018463
74438,AC; OVERHEAD,1.0,0.7272477432387396
74439,AC; OVERHEAD,0.22391261890074707,0.12082028357247027
75188,AC; OVERHEAD,0.15383304536166048,0.16607574659494612
74236,AC; OVERHEAD,0.006698716899644091,0.04806183193960925
74154,AC; OVERHEAD,0.34523829564866476,0.7745665576526999
74156,AC; OVERHEAD,0.11399829983743925,0.5440863282268669
74153,AC; OVERHEAD,0.18784420520847014,0.7568808364293472
74155,AC; OVERHEAD,0.023351383058324147,0.1065484262861795
74191,AC; OVERHEAD,0.015858464665371948,0.13655471661528765
74196,AC; OVERHEAD,0.6488514518604158,0.05242141261380139
74236,AC; OVERHEAD,0.004037450087862646,0.028967823315197122
74164,AC; OVERHEAD,0.002585204707476646,0.012743614643255257
74155,AC; OVERHEAD,0.002653365103788258,0.012106857887825404
75399,AC; OVERHEAD,0.44328785586154984,0.04453343642660629
75398,AC; OVERHEAD,0.12490434313174828,0.10687393594036279
73388,AC; OVERHEAD,0.03551567793481772,1.2892818917194238
77476,AC; OVERHEAD,0.4325959592268958,2.2513847141211927
77483,AC; OVERHEAD,0.054630452386434374,0.3293524369513439
68352,AC; OVERHEAD,0.0014641863198178301,0.25067617776352713
73404,AC; OVERHEAD,0.006806360713008052,0.25130931611449164
76588,AC; OVERHEAD,0.020299946337504562,0.32595564770468183
72275,AC; OVERHEAD,0.001745223163652792,0.27814769977202136
75333,AC; OVERHEAD,0.028056149419699042,0.4547909967187467
77309,AC; OVERHEAD,0.013317530019027324,0.40139775521896703
73752,AC; OVERHEAD,0.0009016691837837802,0.015285263130514223
68359,AC; OVERHEAD,0.005784828287446133,0.6419456587434861
73751,AC; OVERHEAD,0.023237784855451842,0.597453405463
73752,AC; OVERHEAD,0.03478826375163542,0.5897370952238178
75545,AC; OVERHEAD,0.018899188882238543,0.2469501900446194
75546,AC; OVERHEAD,0.08089205401833706,0.23845137373122444
68339,AC; OVERHEAD,0.02208593061671056,1.0412422684023737
68358,AC; OVERHEAD,0.04175725579245898,3.6996953158344965
72273,AC; OVERHEAD,0.009419258769560152,0.9519131801937727
78697,AC; OVERHEAD,0.2660393456255366,0.11254581793234378
78698,AC; OVERHEAD,0.11591778835892518,1.3284128209422128
78699,AC; OVERHEAD,1.0,0.024588824816775698
78700,AC; OVERHEAD,0.1571041670158039,2.261562908868887
78726,AC; OVERHEAD,0.5204399359843006,9.594340239813128
79715,AC; OVERHEAD,0.007464121430959264,3.6486758146344194
79716,AC; OVERHEAD,0.007450621941496802,3.6418606781911307
74441,AC; OVERHEAD,0.1549167641250318,0.9624125696935043
74441,AC; OVERHEAD,0.1142761362971618,0.7099347227497742
74441,AC; OVERHEAD,0.035039038649058614,0.21767825720019437
71864,AC; OVERHEAD,0.05209175286915636,0.09206175015507055
71865,AC; OVERHEAD,0.20368437366971087,0.13409080322017977
71825,AC; OVERHEAD,0.46866823889338877,1.3339839958517867
71826,AC; OVERHEAD,0.07685629897059511,0.38781216793051304
71838,AC; OVERHEAD,0.04961249014774315,0.2808624661649229
71892,AC; OVERHEAD,0.07529050930120014,0.2780975088219645
71897,AC; OVERHEAD,0.1856498655544594,0.6883752884218048
71807,AC; OVERHEAD,0.5384843712619857,1.6408829638315943
71816,AC; OVERHEAD,0.5517319519929466,1.4464086669030498
71817,AC; OVERHEAD,0.3401747348797312,0.9281979118277954
71818,AC; OVERHEAD,0.7399985693237188,1.1529927450555661
71819,AC; OVERHEAD,0.22140101045905186,0.5481188656316358
71820,AC; OVERHEAD,0.12964972486888007,0.2819731820807702
71821,AC; OVERHEAD,0.12531423441013337,2.1534851215791013
71831,AC; OVERHEAD,0.671661495737468,0.3727239372130106
71832,AC; OVERHEAD,0.1294186020452285,0.9244456455092899
71839,AC; OVERHEAD,1.0,0.3149717790272621
71840,AC; OVERHEAD,0.7009588827894901,1.5705465921171258
71841,AC; OVERHEAD,1.0,0.6623104260479538
71842,AC; OVERHEAD,1.0,1.298290543658849
71843,AC; OVERHEAD,0.9271588730532434,0.8966459052685436
71846,AC; OVERHEAD,0.0027916044391395464,0.002380000926716068
73425,AC; OVERHEAD,0.000371995078174824,0.0039952863808802325
71826,AC; OVERHEAD,0.03745977418919704,0.18901972165037617
71838,AC; OVERHEAD,0.027672729356783627,0.1566587564848176
71893,AC; OVERHEAD,0.028730117617496304,0.1418323946264922
71894,AC; OVERHEAD,0.028954563002340315,0.14086749181140673
71895,AC; OVERHEAD,0.03967015641548422,0.150900777508096
71898,AC; OVERHEAD,0.04716823037884734,0.09632927620412798
71899,AC; OVERHEAD,0.024447891990653305,0.10129932668291283
71900,AC; OVERHEAD,0.028910183783560046,0.019649391402718378
71901,AC; OVERHEAD,0.056603757170214875,0.09145880687308638
71902,AC; OVERHEAD,0.05203331307356203,0.08229973366959469
71914,AC; OVERHEAD,0.029968502945100846,0.027891176353212355
71825,AC; OVERHEAD,0.4621814735000857,1.3155205274504642
71826,AC; OVERHEAD,0.09328802183902447,0.470725633108911
71838,AC; OVERHEAD,0.1218003129474407,0.689526693221903
71892,AC; OVERHEAD,0.10668823415650686,0.3940700151309248
71897,AC; OVERHEAD,0.20082916647032747,0.7446589577624482
71825,AC; OVERHEAD,0.20545419759751357,0.5847902390885057
71826,AC; OVERHEAD,0.0787476800016868,0.3973559605392484
71838,AC; OVERHEAD,0.0771946331523616,0.4370084020637503
71893,AC; OVERHEAD,0.04716146307043526,0.23282268908273374
71909,AC; OVERHEAD,0.41788023984522,2.0714598098285255
71910,AC; OVERHEAD,0.10603798993662182,0.341288487649429
71911,AC; OVERHEAD,0.05214267126504338,0.16013183116901047
71912,AC; OVERHEAD,0.09296811958401874,0.3724582609867558
71915,AC; OVERHEAD,0.08748808036175251,0.15052068630111157
71921,AC; OVERHEAD,0.015026772759482691,0.009437350195670576
71922,AC; OVERHEAD,0.05170636573761275,0.0809448218966254
71923,AC; OVERHEAD,0.10517767664431067,0.09874509132892151
71934,AC; OVERHEAD,0.08821585886914685,0.17882974105110475
71893,AC; OVERHEAD,0.058798218174991736,0.29027002933156676
71909,AC; OVERHEAD,0.4459920069758095,2.2108116868539707
71910,AC; OVERHEAD,0.25621813147977,0.824650662025545
71911,AC; OVERHEAD,0.22566569247754892,0.6930266457729136
71912,AC; OVERHEAD,0.09609071652334794,0.38496832390928304
71921,AC; OVERHEAD,0.10877094497215525,0.06831203980032644
71922,AC; OVERHEAD,0.25565891224723,0.4002266417862625
71923,AC; OVERHEAD,0.36563779107294664,0.3432756667073254
71924,AC; OVERHEAD,0.029386689127619076,0.017255188122784954
71926,AC; OVERHEAD,0.016455896133910707,0.008233410144185981
71934,AC; OVERHEAD,0.1440260068113578,0.2919671568453988
71838,AC; OVERHEAD,0.029953724530012656,0.16957175334822003
71893,AC; OVERHEAD,0.03288581620932371,0.1623478930477683
71894,AC; OVERHEAD,0.22110935146267727,1.075724049231087
71909,AC; OVERHEAD,0.0567876910339233,0.2815003162468329
71893,AC; OVERHEAD,0.024340391451908486,0.12016156883632104
71894,AC; OVERHEAD,0.024576283448060083,0.11956662606493461
68360,AC; OVERHEAD,0.0004769651987231032,0.07581615572274161
72261,AC; OVERHEAD,1.4099896950966056e-05,0.0005217354839652261
72263,AC; OVERHEAD,0.0006409391786801047,0.017442359763098846
68360,AC; OVERHEAD,0.0008297142001248031,0.13188748606908593
72261,AC; OVERHEAD,8.43500785622968e-06,0.00031211879926675294
72263,AC; OVERHEAD,0.0006527051612794429,0.017762556293893925
76578,AC; OVERHEAD,0.02471556727361369,0.4493613852928821
76580,AC; OVERHEAD,0.03626253299193594,0.49363156912638545
76578,AC; OVERHEAD,0.010155467951573413,0.18463970891287035
76580,AC; OVERHEAD,0.013748828893607175,0.1871589053613755
78764,AC; OVERHEAD,0.06694950383449864,0.38198397249337346
72384,AC; OVERHEAD,0.0021028109698819014,0.3566438720130568
73756,AC; OVERHEAD,0.023775745909117536,0.5608726344541631
76545,AC; OVERHEAD,0.0451343561713897,1.0227025024225325
76548,AC; OVERHEAD,0.20015560411531608,1.025135601926624
68356,AC; OVERHEAD,0.0039061782484648235,0.2923476496582731
68357,AC; OVERHEAD,0.003919642561293779,0.2928717743905354
76574,AC; OVERHEAD,0.002724514087546046,0.016286056977479743
76577,AC; OVERHEAD,0.08901234574084167,0.40509840624233306
76578,AC; OVERHEAD,0.02241456910104184,0.4075262246859414
73870,AC; OVERHEAD,0.6655562059730135,8.707707947772551
73889,AC; OVERHEAD,0.7142197667343705,4.382132442397728
73890,AC; OVERHEAD,0.7903202775036905,4.100897152254235
73891,AC; OVERHEAD,0.07631554018695,0.46707994414251286
79847,AC; OVERHEAD,0.626197709863675,0.9996763541477588
73886,AC; OVERHEAD,0.030286110291771192,0.08530166169388011
73887,AC; OVERHEAD,0.009106426791729329,0.1279193460807942
73888,AC; OVERHEAD,0.010917677707529834,0.1449064055567108
79846,AC; OVERHEAD,0.5366181632531991,8.13564022028009
68352,AC; OVERHEAD,0.0004114521034408917,0.0704427020163381
73404,AC; OVERHEAD,0.001842177113408022,0.06801818035408472
73395,AC; OVERHEAD,0.005382782787150675,0.06667755374519485
73394,AC; OVERHEAD,0.030090619300932722,0.05809846639996969
73396,AC; OVERHEAD,0.000852917979354074,0.033333884643538536
68352,AC; OVERHEAD,0.0009488368612395347,0.16244571778696953
73404,AC; OVERHEAD,0.004303365037969278,0.1588919204085376
73388,AC; OVERHEAD,0.03307727992555282,1.2007637335156092
77476,AC; OVERHEAD,0.4297145504338796,2.2363888280677857
77483,AC; OVERHEAD,0.05101422019049576,0.30755113686527613
76519,AC; OVERHEAD,0.004761353815897667,0.022357694968852655
76520,AC; OVERHEAD,0.07836333662535823,0.13187675909433808
76521,AC; OVERHEAD,0.2984520982657869,0.02377462698018959
76522,AC; OVERHEAD,1.0,0.06641412219889097
76523,AC; OVERHEAD,0.46204077506562685,0.3334417229620592
76525,AC; OVERHEAD,0.00790955684626357,0.08698372495663531
76519,AC; OVERHEAD,0.004761353815897667,0.022357694968852655
76520,AC; OVERHEAD,0.07836333662535823,0.13187675909433808
76521,AC; OVERHEAD,0.2984520982657869,0.02377462698018959
76522,AC; OVERHEAD,1.0,0.06641412219889097
76523,AC; OVERHEAD,0.46204077506562685,0.3334417229620592
76525,AC; OVERHEAD,0.00790955684626357,0.08698372495663531
72221,AC; OVERHEAD,0.03287041862377716,0.145252943659475
76519,AC; OVERHEAD,0.004761353815897667,0.022357694968852655
76520,AC; OVERHEAD,0.07836333662535823,0.13187675909433808
76521,AC; OVERHEAD,0.2984520982657869,0.02377462698018959
76522,AC; OVERHEAD,1.0,0.06641412219889097
76523,AC; OVERHEAD,0.46204077506562685,0.3334417229620592
76525,AC; OVERHEAD,0.00790955684626357,0.08698372495663531
76519,AC; OVERHEAD,0.004761353815897667,0.022357694968852655
76520,AC; OVERHEAD,0.07836333662535823,0.13187675909433808
76521,AC; OVERHEAD,0.2984520982657869,0.02377462698018959
76522,AC; OVERHEAD,1.0,0.06641412219889097
76523,AC; OVERHEAD,0.46204077506562685,0.3334417229620592
76525,AC; OVERHEAD,0.00790955684626357,0.08698372495663531
68347,AC; OVERHEAD,0.015744749394300286,0.5528771300531498
68348,AC; OVERHEAD,0.0026618572865618317,0.05495034435110851
68349,AC; OVERHEAD,0.04186065423923441,0.6085590869180463
68350,AC; OVERHEAD,1.0,0.2921893585569368
72193,AC; OVERHEAD,0.006978260403682246,0.08388534311332811
72219,AC; OVERHEAD,0.2472865687783633,0.4832242209885076
72220,AC; OVERHEAD,0.3999794508382827,0.9793237531055308
72221,AC; OVERHEAD,0.036004846661563415,0.15910384420285628
72222,AC; OVERHEAD,1.0,0.6915604712917217
72223,AC; OVERHEAD,0.34868819436142096,0.7930285986512219
72224,AC; OVERHEAD,0.3443774941535757,0.7790181599393462
74672,AC; OVERHEAD,1.0,0.15373187742788566
74673,AC; OVERHEAD,1.0,0.0916147589058068
74674,AC; OVERHEAD,1.0,0.10244211388750696
74675,AC; OVERHEAD,1.0,0.09419181599820128
74676,AC; OVERHEAD,1.0,0.16094865620917048
74677,AC; OVERHEAD,1.0,0.22089183415860686
80195,AC; OVERHEAD,0.5509434399535305,1.9699840950296135
68347,AC; OVERHEAD,0.05987903802506614,2.102653390318585
68349,AC; OVERHEAD,0.14417877906176277,2.096032843570526
72205,AC; OVERHEAD,0.39376479870502734,1.894349895983326
72200,AC; OVERHEAD,0.014153054872617348,0.06069799040919116
72202,AC; OVERHEAD,0.4238889356188561,1.3711599894704463
72207,AC; OVERHEAD,1.0,0.45859925206433466
72204,AC; OVERHEAD,0.42487703703539303,1.3796895898528176
72206,AC; OVERHEAD,1.0,0.33206070825467865
72209,AC; OVERHEAD,1.0,0.13637520496643177
72208,AC; OVERHEAD,1.0,0.12624712358933338
72203,AC; OVERHEAD,0.3001879416809085,0.5197186364222122
72201,AC; OVERHEAD,0.43338695530448645,2.0180840640893627
72198,AC; OVERHEAD,0.23019216290485428,2.074507673430988
68347,AC; OVERHEAD,0.014979248507564887,0.5259965540139642
68348,AC; OVERHEAD,0.0026181837755952153,0.054048765412690936
68349,AC; OVERHEAD,0.03993453508111071,0.5805576775405384
68350,AC; OVERHEAD,1.0,0.2921893585569368
72219,AC; OVERHEAD,0.21528149348457892,0.4206829044385621
72220,AC; OVERHEAD,0.37482007037018406,0.9177226412129342
72222,AC; OVERHEAD,1.0,0.6915604712917217
72223,AC; OVERHEAD,0.3480246013358144,0.7915193756385666
72224,AC; OVERHEAD,0.34430116859587795,0.778845503489597
74672,AC; OVERHEAD,1.0,0.15373187742788566
74673,AC; OVERHEAD,1.0,0.0916147589058068
74674,AC; OVERHEAD,1.0,0.10244211388750696
74675,AC; OVERHEAD,1.0,0.09419181599820128
74676,AC; OVERHEAD,1.0,0.16094865620917048
74677,AC; OVERHEAD,1.0,0.22089183415860686
80195,AC; OVERHEAD,0.42887075775384365,1.5334942034515031
68347,AC; OVERHEAD,0.020909707844112852,0.7342447296930574
68349,AC; OVERHEAD,0.050266791499477284,0.7307652805041582
72190,AC; OVERHEAD,0.05611073547155027,0.25950978048279216
72193,AC; OVERHEAD,0.0217512198189003,0.261470399797502
72205,AC; OVERHEAD,0.14135773171873287,0.6800531821495238
72216,AC; OVERHEAD,0.31608664409564124,0.8067463234171902
72217,AC; OVERHEAD,0.025050748510349427,0.05652132685391232
72219,AC; OVERHEAD,0.03532642575150327,0.06903158812227467
72220,AC; OVERHEAD,0.0273092897748953,0.06686502544304505
72201,AC; OVERHEAD,0.14729287782092054,0.6858753034581336
72198,AC; OVERHEAD,0.07599723188710164,0.6848923035423715
80195,AC; OVERHEAD,0.015058308243632055,0.053843326894881506
68347,AC; OVERHEAD,0.008851639636396902,0.3108254692327742
68348,AC; OVERHEAD,0.015564073182171756,0.3212986605945618
72310,AC; OVERHEAD,0.2850321304167723,1.0019749914666534
72313,AC; OVERHEAD,0.3967481578732212,1.5386955125331407
72315,AC; OVERHEAD,0.3457468990580102,0.959739214575415
72317,AC; OVERHEAD,0.6739104230701589,0.7372716612521428
72318,AC; OVERHEAD,0.20650592751503122,0.7013238583359457
72319,AC; OVERHEAD,0.03207832001171935,0.21449164727492667
72316,AC; OVERHEAD,0.6761009255464683,0.6434702031385716
75552,AC; OVERHEAD,0.0009667630770358736,0.0026783681581421335
72330,AC; OVERHEAD,0.16426293755765317,0.2762639387272261
79828,AC; OVERHEAD,0.135127299451471,0.1623533507537746
72227,AC; OVERHEAD,0.0033941812489121457,0.08006531698006306
72311,AC; OVERHEAD,0.011550503711753897,0.08647485719972704
72312,AC; OVERHEAD,0.005216806756119013,0.09186868265767248
72319,AC; OVERHEAD,0.004770895496812415,0.03190058686720409
72320,AC; OVERHEAD,0.026906038444081577,0.05518666837225828
72325,AC; OVERHEAD,0.21266113098791345,0.5332358734419648
79830,AC; OVERHEAD,0.028778322152920234,0.08092657202972887
72322,AC; OVERHEAD,0.1966731604669197,0.26754922171785017
68347,AC; OVERHEAD,0.002173880215863897,0.07633583899793574
68349,AC; OVERHEAD,0.005240354963255062,0.07618289034231009
72190,AC; OVERHEAD,0.04985850278495457,0.2305934685080819
72193,AC; OVERHEAD,0.019261791502966162,0.23154509802344128
72205,AC; OVERHEAD,0.010889537636640492,0.05238811228712572
72216,AC; OVERHEAD,0.35341187183741407,0.902011311083905
72217,AC; OVERHEAD,0.6230603497567849,1.4057942286142469
72219,AC; OVERHEAD,0.01475389055457119,0.028830669231260583
72220,AC; OVERHEAD,0.013306431538796536,0.03257993491341825
72201,AC; OVERHEAD,0.01117579493669459,0.052040545727612623
72198,AC; OVERHEAD,0.005777003377760254,0.052062753507181446
80195,AC; OVERHEAD,0.007952186331479804,0.02843428101267243
80196,AC; OVERHEAD,1.0,0.013441130977249943
68347,AC; OVERHEAD,0.00414054745414901,0.14539539093124543
68348,AC; OVERHEAD,0.0071208629537325725,0.1470003194236113
72227,AC; OVERHEAD,0.0023658548658087052,0.055808133351897354
72312,AC; OVERHEAD,0.014414210650931618,0.2538362270172366
72333,AC; OVERHEAD,0.058621957901334454,0.5912514319146176
72340,AC; OVERHEAD,0.02359990103897845,0.06864170109922463
72342,AC; OVERHEAD,0.12422912889459484,0.1084428099729032
72344,AC; OVERHEAD,1.0,0.024089370544505988
72348,AC; OVERHEAD,1.0,0.007330874723123011
72339,AC; OVERHEAD,0.011530302755292168,0.24010445942265923
72336,AC; OVERHEAD,0.1463805710234658,0.5796771473920583
72338,AC; OVERHEAD,0.01127475999795378,0.11006998176344637
72345,AC; OVERHEAD,0.54067227028551,1.2782403173436174
72347,AC; OVERHEAD,0.5299576373548092,0.6264675874814419
72349,AC; OVERHEAD,0.2715486454849176,0.9700874601586149
72339,AC; OVERHEAD,0.016187138197090667,0.33707736465362653
73416,AC; OVERHEAD,0.05920244035125754,0.7131706733314853
79780,AC; OVERHEAD,0.049972196944539284,0.1889453585285719
76519,AC; OVERHEAD,0.004761353815897667,0.022357694968852655
76520,AC; OVERHEAD,0.07836333662535823,0.13187675909433808
76521,AC; OVERHEAD,0.2984520982657869,0.02377462698018959
76522,AC; OVERHEAD,1.0,0.06641412219889097
76523,AC; OVERHEAD,0.46204077506562685,0.3334417229620592
76525,AC; OVERHEAD,0.00790955684626357,0.08698372495663531
78783,AC; OVERHEAD,0.02371248702500439,0.10390460425206113
75192,AC; OVERHEAD,1.0,0.4158304033184384
75260,AC; OVERHEAD,0.5694243532743167,0.8231451937574141
75439,AC; OVERHEAD,1.0,0.023741429783222218
75440,AC; OVERHEAD,0.7446020709587378,0.5512241704445182
75441,AC; OVERHEAD,0.6013032068633954,0.27589622329023894
75442,AC; OVERHEAD,0.8529418748295408,0.995264634734464
75443,AC; OVERHEAD,0.4015195319916803,0.11670192204561769
78783,AC; OVERHEAD,0.02371248702500439,0.10390460425206113
75192,AC; OVERHEAD,1.0,0.4158304033184384
75260,AC; OVERHEAD,0.5694243532743167,0.8231451937574141
75439,AC; OVERHEAD,1.0,0.023741429783222218
75440,AC; OVERHEAD,0.7446020709587378,0.5512241704445182
75441,AC; OVERHEAD,0.6013032068633954,0.27589622329023894
75442,AC; OVERHEAD,0.8529418748295408,0.995264634734464
75443,AC; OVERHEAD,0.4015195319916803,0.11670192204561769
78783,AC; OVERHEAD,0.02371248702500439,0.10390460425206113
75192,AC; OVERHEAD,1.0,0.4158304033184384
75260,AC; OVERHEAD,0.5694243532743167,0.8231451937574141
75439,AC; OVERHEAD,1.0,0.023741429783222218
75440,AC; OVERHEAD,0.7446020709587378,0.5512241704445182
75441,AC; OVERHEAD,0.6013032068633954,0.27589622329023894
75442,AC; OVERHEAD,0.8529418748295408,0.995264634734464
75443,AC; OVERHEAD,0.4015195319916803,0.11670192204561769
78783,AC; OVERHEAD,0.1307636300280354,0.5729868492621112
75176,NOT AVAILABLE,1.0,0.008165992356100974
75260,AC; OVERHEAD,0.171576098106642,0.24802599275569664
75442,AC; OVERHEAD,0.22301015635804372,0.2602218607852045
78783,AC; OVERHEAD,0.1319811439650767,0.5783218149140164
75176,NOT AVAILABLE,1.0,0.008165992356100974
75260,AC; OVERHEAD,0.17984667095354137,0.25998172006064757
75442,AC; OVERHEAD,0.22829523151461345,0.2663888090268989
78783,AC; OVERHEAD,0.13208389308827845,0.5787720463457623
75176,NOT AVAILABLE,1.0,0.008165992356100974
75260,AC; OVERHEAD,0.18143819235610184,0.262282382450211
75442,AC; OVERHEAD,0.2323345938524462,0.2711021835256321
78783,AC; OVERHEAD,0.1683459386948433,0.7376669566159183
78689,AC; OVERHEAD,0.008727821509531643,0.015280188097913773
74061,AC; OVERHEAD,0.01710291054506111,0.06668325366296787
74063,AC; OVERHEAD,0.7284387797982099,0.011453989804748507
75263,AC; OVERHEAD,0.4965742893911934,0.7725078823627888
75266,AC; OVERHEAD,0.014620557112690032,0.12854759537374147
80228,AC; OVERHEAD,0.2322137080458645,1.2060392949928351
74062,AC; OVERHEAD,0.3845313456147236,0.9581007325353741
74064,AC; OVERHEAD,0.9806934133638194,0.2511666846570739
74065,AC; OVERHEAD,1.0,0.016060927534522186
80257,AC; OVERHEAD,0.0290611564998636,0.06637326922279205
74474,AC; OVERHEAD,0.5400988671721461,1.3117469426156099
74453,AC; OVERHEAD,0.19655187098618623,0.9819155041379841
74411,AC; OVERHEAD,0.18531300987701868,0.19106777417883727
79814,AC; OVERHEAD,0.36213785711035884,0.5213843990155618
79803,AC; OVERHEAD,0.39892670751930503,0.36350204781827644
74244,AC; OVERHEAD,0.2865795724629624,0.24353796102276457
74243,AC; OVERHEAD,0.15785351078783857,0.0844898624477512
73423,AC; OVERHEAD,0.059694225548087065,0.17921988394672417
78776,AC; OVERHEAD,0.022165388318488286,0.10674565400680479
78777,AC; OVERHEAD,0.0034938930241058186,0.031193887039403123
78778,AC; OVERHEAD,0.0027645304123933997,0.03231990131469717
79630,AC; OVERHEAD,0.008308522892335635,0.06380024784952523
79811,AC; OVERHEAD,0.004483690001228788,0.037698635118062575
79812,AC; OVERHEAD,0.0027553569550109102,0.03769327241541481
77327,AC; OVERHEAD,0.11581285064459575,0.4046096584859446
77328,AC; OVERHEAD,3.01780187019326e-05,1.3186736055948246e-05
68353,AC; OVERHEAD,0.0026431354968280635,0.20750465325219258
68354,AC; OVERHEAD,0.002832113134863535,0.24267903741490296
76508,AC; OVERHEAD,0.027553047642971663,0.2918550386459644
77326,AC; OVERHEAD,0.02376643655520594,0.23250745172589293
72275,AC; OVERHEAD,0.0034975530571930502,0.5574280458509839
76555,AC; OVERHEAD,0.017775788636623165,0.5294624764745433
72384,AC; OVERHEAD,0.00043560840597003,0.07388066298480091
73755,AC; OVERHEAD,0.02206349650689198,0.4283218927552773
76542,AC; OVERHEAD,0.014452799990174138,0.1641326519400088
76538,AC; OVERHEAD,0.0048253284539470365,0.03498761250832764
76539,AC; OVERHEAD,0.4001144969876487,0.2946710065737824
71807,AC; OVERHEAD,0.3293581382887028,1.0036283074486603
71817,AC; OVERHEAD,0.07604758631033268,0.2075028024575398
71841,AC; OVERHEAD,0.5947232877691233,0.3938914341030079
71842,AC; OVERHEAD,0.6786598188774026,0.881097625209759
71843,AC; OVERHEAD,1.0,0.9670898174287899
71844,AC; OVERHEAD,0.0628743818877006,0.06765132913711708
71861,AC; OVERHEAD,0.04176753728645118,0.04335467290137325
71862,AC; OVERHEAD,0.0360453912292839,0.04251070027201476
71840,AC; OVERHEAD,0.3076803202900825,0.689378921300033
71816,AC; OVERHEAD,0.4993508155693818,1.3090874016915621
71823,AC; OVERHEAD,0.6129897495056661,0.5579936419970746
71824,AC; OVERHEAD,0.30672730495167255,0.3522015585045629
71804,AC; OVERHEAD,0.018220095878746942,0.022152748715909807
71805,AC; OVERHEAD,0.010051210774124943,0.011528908679573346
71806,AC; OVERHEAD,0.5839288217792062,0.021201749939394096
71862,AC; OVERHEAD,0.17126594556795668,0.20198519229630907
71862,AC; OVERHEAD,0.2705331061934035,0.31905748276916096
71863,AC; OVERHEAD,0.06803952941919135,0.17706916218452004
72193,AC; OVERHEAD,0.010674525289165172,0.12831797104920592
72221,AC; OVERHEAD,0.0472537190520349,0.20881211978848743
72225,AC; OVERHEAD,0.1599424192681658,0.5023427062912843
72227,AC; OVERHEAD,0.04224223619235874,0.9964518046205956
71826,AC; OVERHEAD,0.05574930188725222,0.2813075559854859
71838,AC; OVERHEAD,0.010910941678507778,0.06176819544597559
71893,AC; OVERHEAD,0.012751969151072714,0.06295283385120422
71894,AC; OVERHEAD,0.012898000351188488,0.06275034987430858
71895,AC; OVERHEAD,0.0514553873756473,0.19573045996195543
71898,AC; OVERHEAD,0.05177713781197607,0.10574181327747591
71899,AC; OVERHEAD,0.01487420789463916,0.0616309678251466
71900,AC; OVERHEAD,0.18535032791192924,0.12597710090776912
71901,AC; OVERHEAD,0.04645673181851291,0.07506352008696546
71902,AC; OVERHEAD,0.047080089486731286,0.07446534915854477
71914,AC; OVERHEAD,0.04190257839407265,0.03899801754476506
72027,AC; OVERHEAD,0.4341741813017374,0.11696059059679262
74156,AC; OVERHEAD,0.033000168778060036,0.15750182842134658
74155,AC; OVERHEAD,0.03364409762205992,0.15351234856177903
74161,AC; OVERHEAD,0.019447592349784843,0.03136864978592301
74158,AC; OVERHEAD,0.007772837374068184,0.031088757518798936
73827,AC; OVERHEAD,0.021205418205852443,0.0717391756210945
73828,AC; OVERHEAD,0.01562683506552467,0.0751964493256813
71755,AC; OVERHEAD,0.01689001195501319,0.10356960560823503
71860,AC; OVERHEAD,0.38749071631598975,0.5472513879286793
71874,AC; OVERHEAD,0.24017257208585413,0.15046580440957277
71877,AC; OVERHEAD,0.619790732611502,0.7901974086961011
71879,AC; OVERHEAD,0.031810679780182066,0.057948395291977546
71798,AC; OVERHEAD,0.5357528650405062,3.541849749858671
71807,AC; OVERHEAD,0.23935167790975959,0.7293583836540912
71810,AC; OVERHEAD,0.42019930486812124,0.5163745718061421
71811,AC; OVERHEAD,0.2630672241425874,0.10658610302311054
71812,AC; OVERHEAD,0.23249922044554427,0.258046334683169
71813,AC; OVERHEAD,1.0,0.18805554995671114
71815,AC; OVERHEAD,0.6430795317789304,0.9039715985198588
71823,AC; OVERHEAD,0.2432334230802376,0.22141104922130925
71844,AC; OVERHEAD,0.3877582652917573,0.41721860705912994
71845,AC; OVERHEAD,0.5252516885750909,2.4072132456350115
71846,AC; OVERHEAD,0.8662654971755687,0.7385404096489719
71847,AC; OVERHEAD,1.0,1.1777160644642628
71848,AC; OVERHEAD,1.0,0.173029655200237
71849,AC; OVERHEAD,1.0,0.4491322358251468
71850,AC; OVERHEAD,1.0,0.1340507475710051
71851,AC; OVERHEAD,1.0,0.23900822928446314
71852,AC; OVERHEAD,1.0,0.047736465480176196
71853,AC; OVERHEAD,1.0,0.014736757300300076
71854,AC; OVERHEAD,0.7109670702096341,1.6264828849746367
71855,AC; OVERHEAD,0.44000132377754203,0.9815189580868108
71856,AC; OVERHEAD,0.2895719040641285,0.2525829985974802
71857,AC; OVERHEAD,0.1863341805583558,0.06324036930304007
71858,AC; OVERHEAD,0.668970963234975,0.803202002162463
71859,AC; OVERHEAD,0.4298629205425438,0.33983193622500496
71876,AC; OVERHEAD,0.5518413893283006,0.8110038762568362
71878,AC; OVERHEAD,0.5312602974649516,0.692508457244988
72020,AC; OVERHEAD,0.5058396519972739,0.34879808255778316
71875,AC; OVERHEAD,0.40462565747648555,0.14253510722824972
79823,AC; OVERHEAD,1.0,0.5768044153098726
73388,AC; OVERHEAD,0.06224108608402612,2.259461451259963
73412,AC; OVERHEAD,0.7513214469775605,2.8661296279671977
78736,AC; OVERHEAD,0.24747170409412195,1.290219991122549
68352,AC; OVERHEAD,0.07752715257324429,13.273044568787272
73406,AC; OVERHEAD,0.3527649370374595,3.2115478839690663
73413,AC; OVERHEAD,0.9326916911123978,6.3848454475549055
72233,AC; OVERHEAD,0.009837611668876737,0.43598994343950603
72234,AC; OVERHEAD,0.02175220170224629,0.4287755083556833
72240,AC; OVERHEAD,0.11127328125960094,1.1241595276282803
72244,AC; OVERHEAD,0.09613998721068931,0.962554775372468
72245,AC; OVERHEAD,0.09306325230277945,0.9397494967911842
73416,AC; OVERHEAD,0.03962849627086905,0.4773769662353051
75547,AC; OVERHEAD,0.07683324036256498,0.5169442812297038
68330,AC; OVERHEAD,0.06468390429380973,0.5419124016622343
68331,AC; OVERHEAD,0.06459149725507289,0.5416865182741643
71960,AC; OVERHEAD,0.0859599518597418,0.542605660101223
71961,AC; OVERHEAD,0.08884174725654939,0.5433341057511021
71992,AC; OVERHEAD,0.20474241619891917,0.5882676767089003
71985,AC; OVERHEAD,0.08404441068577975,0.17995588854328726
71992,AC; OVERHEAD,0.04850224929911152,0.1393570811561754
71993,AC; OVERHEAD,1.0,0.01849397085979388
71995,AC; OVERHEAD,0.08427976267390656,0.2521899450786357
68330,AC; OVERHEAD,0.06764852280757716,0.5667495471058773
68331,AC; OVERHEAD,0.0676527818806874,0.5673595043600397
71959,AC; OVERHEAD,0.09566659003871908,0.5229141182133563
71960,AC; OVERHEAD,0.08963344769442225,0.5657938958916316
71961,AC; OVERHEAD,0.01575038763668501,0.09632546686749897
71992,AC; OVERHEAD,0.09283170464018424,0.2667248547098875
71993,AC; OVERHEAD,1.0,0.01849397085979388
71995,AC; OVERHEAD,0.10919430005325119,0.32674160035164984
71995,AC; OVERHEAD,0.02916146591964531,0.08725971995368184
71996,AC; OVERHEAD,0.05301640390487244,0.2883293600221362
71985,AC; OVERHEAD,0.046968873086458564,0.10056974903127816
75266,AC; OVERHEAD,0.033564006376012125,0.2951031398796984
77476,AC; OVERHEAD,0.16310711096910707,0.8488679761516502
68330,AC; OVERHEAD,0.11435448873422509,0.958045379409038
68331,AC; OVERHEAD,0.1141251786291898,0.9570930120250102
71960,AC; OVERHEAD,0.15222347535044395,0.9608814051013126
71961,AC; OVERHEAD,0.15722633146081597,0.9615572728224479
71992,AC; OVERHEAD,0.46460443427479486,1.3349054690941435
71985,AC; OVERHEAD,0.06153061868873564,0.13174935808816524
74191,AC; OVERHEAD,0.030166626428382023,0.259760021546218
74191,AC; OVERHEAD,0.015981003162910026,0.13760987612529452
75303,AC; OVERHEAD,0.12093099973470724,1.1761502787067903
76519,AC; OVERHEAD,0.004761353815897667,0.022357694968852655
76520,AC; OVERHEAD,0.07836333662535823,0.13187675909433808
76521,AC; OVERHEAD,0.2984520982657869,0.02377462698018959
76522,AC; OVERHEAD,1.0,0.06641412219889097
76523,AC; OVERHEAD,0.46204077506562685,0.3334417229620592
76525,AC; OVERHEAD,0.00790955684626357,0.08698372495663531
76519,AC; OVERHEAD,0.004761353815897667,0.022357694968852655
76520,AC; OVERHEAD,0.07836333662535823,0.13187675909433808
76521,AC; OVERHEAD,0.2984520982657869,0.02377462698018959
76522,AC; OVERHEAD,1.0,0.06641412219889097
76523,AC; OVERHEAD,0.46204077506562685,0.3334417229620592
76525,AC; OVERHEAD,0.00790955684626357,0.08698372495663531
