road_id,road_admin,name,road_surface,road_class,portion,length
563396,State,U40,Paved,3,0.006056823575061149,1.7044535400763974
563396,State,U40,Paved,3,0.0010601566980452282,0.29833918961402967
563418,State,S22,Paved,5,0.04791435904304415,3.2185407942618998
573311,State,S62,Paved,5,0.1902337015964698,13.132266723901635
563396,State,U40,Paved,3,0.0009963078010735249,0.28037144181277496
572526,State,S130,Paved,3,0.015346503630123465,1.0548112343465104
572526,State,S130,Paved,3,0.000520803912778751,0.03579641534846639
573612,State,S83,Paved,4,0.10537163703915678,5.341010490708514
573612,State,S83,Paved,4,0.10537164069308816,5.341010675916662
572526,State,S130,Paved,3,0.011146540328576733,0.7661351566490061
570988,State,S21,Paved,5,0.061339963911520516,10.627996871187625
570643,State,I15,Paved,1,0.0020060026139723393,1.2971794194618242
563375,State,S30,Paved,5,0.003935745144145147,0.8577622890821981
573643,State,S102,Paved,4,0.10245008849660416,0.9686893140136672
575636,State,S13,Paved,5,0.08174074914563016,4.242481438287874
563375,State,S30,Paved,5,0.018984986079513926,4.137616771752274
563380,State,U89,Paved,3,0.001739715548375863,1.305604510901978
573051,State,S16,Paved,4,0.09685816672058943,4.523528128372677
575198,State,S39,Paved,5,0.04338058526230421,4.489101913144304
576269,State,S44,Paved,4,0.003768703826892272,0.1693984491624632
570643,State,I15,Paved,1,0.003423478790861861,2.2137888552777785
570643,State,I15,Paved,1,0.0017770040673076972,1.1490977570796344
575293,State,S127,Paved,5,0.014406500848039749,0.13155720558847
563396,State,U40,Paved,3,0.0010601566980452282,0.29833918961402967
563396,State,U40,Paved,3,0.001404108009850888,0.3951306882858659
563396,State,U40,Paved,3,0.002771057454257332,0.7798045673827166
573071,State,S10,Paved,4,0.01271102661322365,1.4072307036762286
563418,State,S22,Paved,5,0.013645242600867129,0.916588906449472
563410,State,S56,Paved,4,0.028740288769565688,2.844778076679588
563438,State,S12,Paved,3,0.0004036396236691491,0.07990775853468131
573054,State,S24,Paved,4,0.006772996477301124,1.6583014580650237
573367,State,S72,Paved,5,0.05354058515099675,3.0653199585563917
573862,State,S111,Paved,4,0.010910800829429797,0.2741396878840555
573872,State,S154,Paved,3,0.028240388537109556,1.0574991172646073
573908,State,S209,Paved,3,0.14461394832244318,3.0939872898793945
573669,State,S68,Paved,4,0.019187978997686806,1.8395338737514841
573071,State,S10,Paved,4,0.006553500548966978,0.7255344095866448
573071,State,S10,Paved,4,0.006553500548966978,0.7255344095866448
573071,State,S10,Paved,4,0.006553500548966978,0.7255344095866448
573071,State,S10,Paved,4,0.003917142685980618,0.4336646933504228
573071,State,S10,Paved,4,0.003919082070033535,0.4338794014828601
570643,State,I15,Paved,1,0.003410799174012319,2.205589594763697
574898,State,I215,Paved,1,0.02533509906020439,1.182580941080466
571112,State,I80,Paved,1,0.024463976730481268,7.632681534736301
574725,State,S186,Paved,4,0.012081561603932423,0.200904624365637
573609,State,S201,Paved,3,0.07435096875292356,2.0847616642415354
574551,State,S71,Paved,3,0.04336769780371749,1.5699082289790918
563380,State,U89,Paved,3,0.0031121569172650014,2.3355807296251867
570643,State,I15,Paved,1,0.005165730844407746,3.3404142602664013
573090,State,S271,Paved,5,0.30493843038325597,2.68169331216258
570643,State,I15,Paved,1,0.004472728962426297,2.8922853432384583
573288,State,S125,Paved,5,0.029650721474093485,1.0439383660405102
573302,State,S132,Paved,5,0.1481025284550902,15.059537459829935
573077,State,S257,Paved,4,0.17760847428771961,19.830816840875336
576077,State,U6,Paved,3,0.05780846807716463,27.81563809681315
573311,State,S62,Paved,5,0.015377062831569047,1.06151375302948
576047,State,I70,Paved,1,0.0037601835255415775,1.402093158284948
573313,State,S119,Paved,5,0.3743054174117926,5.268488883898722
573054,State,S24,Paved,4,0.013587352641611254,3.3267294280073245
573427,State,U50,Paved,3,0.01989262809839875,1.9428451620423741
563380,State,U89,Paved,3,0.03661772458809097,27.480507630003054
573051,State,S16,Paved,4,0.09685816672058943,4.523528128372677
575198,State,S39,Paved,5,0.0132177501180754,1.3677968377728595
570643,State,I15,Paved,1,0.0005160775337593038,0.3337209787147439
574898,State,I215,Paved,1,0.011855656443904622,0.5533932715732712
573667,State,S152,Paved,4,0.5110697928201271,15.246067412071795
574469,State,S190,Paved,4,0.545042219575292,4.136224600040194
575107,State,S210,Paved,4,0.036902756733553865,0.8428665339799115
573846,State,S266,Paved,3,0.020457661120777768,0.3879387921807818
574551,State,S71,Paved,3,0.02395176077230185,0.8670523970435899
563380,State,U89,Paved,3,0.000644922672012216,0.4839951856199599
573031,State,S95,Paved,4,0.0002461243938627981,0.048069590780534584
573018,State,U191,Paved,3,0.0003177080864477389,0.12910952496108385
573018,State,U191,Paved,3,0.0009562554568719018,0.3886010241621098
563380,State,U89,Paved,3,0.007456780681758431,5.596090983953872
563380,State,U89,Paved,3,0.007012142620702879,5.26240341142238
573342,State,S120,Paved,3,0.22908736724733972,0.8043436186521629
563380,State,U89,Paved,3,0.002342878124653053,1.7582599930754474
573313,State,S119,Paved,5,0.11199692043212037,1.5763985848977615
573342,State,S120,Paved,3,0.39953269703760386,1.402790468835057
563380,State,U89,Paved,3,0.003907809401376413,2.9326941332135017
573313,State,S119,Paved,5,0.17916815777185252,2.521858898267386
573342,State,S120,Paved,3,0.11465539769621537,0.40256404615016006
563380,State,U89,Paved,3,0.0018348434945462907,1.3769951906880498
573018,State,U191,Paved,3,0.0024071343403501643,0.9782060465472092
576047,State,I70,Paved,1,0.0005939191303659687,0.22145992173100992
573427,State,U50,Paved,3,0.003740895684380096,0.36536052683195236
563380,State,U89,Paved,3,0.0008377193055517267,0.6286832955071734
573061,State,S213,Paved,5,0.11230139291508073,8.293142840272576
575179,State,S32,Paved,5,0.07115457011139878,2.910081651554038
573061,State,S213,Paved,5,0.020859265136031865,1.5403982161382406
575179,State,S32,Paved,5,0.09403342112972113,3.845781557446555
576090,State,S150,Paved,5,0.021974308268531244,0.8137414177892597
573542,State,S138,Paved,3,0.042528265393591135,1.3839346031428446
563396,State,U40,Paved,3,0.005612275125496881,1.5793529540670648
563396,State,U40,Paved,3,0.0008930546214218962,0.2513149164904923
563396,State,U40,Paved,3,9.121232601851325e-05,0.025668103099616504
573018,State,U191,Paved,3,0.0006785753593031822,0.2757579867402653
570643,State,I15,Paved,1,0.012475811383303087,8.067469929892857
574281,State,S89,Paved,3,0.2124419138983875,0.5454812280827808
573666,State,S92,Paved,5,0.20331194483185488,8.822191489529287
563380,State,U89,Paved,3,0.008168929545134972,6.130537416490585
563396,State,U40,Paved,3,0.004895577354583751,1.377666700924812
570643,State,I15,Paved,1,0.005120656984102735,3.3112672972783646
570640,State,S17,Paved,4,0.15358296678227443,1.4842404461802121
563433,State,S9,Paved,3,0.0010556590324680248,0.09669765827046599
570632,State,S18,Paved,4,0.08807958588294995,7.204820084160889
563410,State,S56,Paved,4,0.05449311787878993,5.39385071299827
570632,State,S18,Paved,4,0.0880795856114983,7.20482006195642
563410,State,S56,Paved,4,0.054493118372117004,5.393850761828888
570643,State,I15,Paved,1,0.0005407588663141504,0.349681135701599
563381,State,U91,Paved,4,0.08137583794318749,6.2024787008531685
570643,State,I15,Paved,1,0.0006032129191279374,0.3900669813668745
563433,State,S9,Paved,3,0.020500782375758756,1.877857894905434
570643,State,I15,Paved,1,0.0010657867667532804,0.6891898593439113
563433,State,S9,Paved,3,0.0061582465445343525,0.5640912468834465
570643,State,I15,Paved,1,0.001065791433418758,0.6891928770380922
563433,State,S9,Paved,3,0.007306579144942245,0.6692777417268385
570643,State,I15,Paved,1,0.0005981448734528482,0.38678973511563475
563433,State,S9,Paved,3,0.017776925296226233,1.6283544160800365
573071,State,S10,Paved,4,0.020844960169008688,2.3077339745493406
563438,State,S12,Paved,3,0.0026482741868884847,0.5242737378849875
573061,State,S213,Paved,5,0.02063467023250072,1.5238125125433666
575179,State,S32,Paved,5,0.09405927978136826,3.8468391253241268
563380,State,U89,Paved,3,0.0062248792650381685,4.671585797943416
570643,State,I15,Paved,1,0.00023472832304102177,0.1517868160753048
572526,State,S130,Paved,3,0.026916992865861987,1.850085671240784
570643,State,I15,Paved,1,4.243527193621847e-05,0.02744072267479485
572526,State,S130,Paved,3,0.01811748282600984,1.2452689474782601
570643,State,I15,Paved,1,4.243527193621847e-05,0.02744072267479485
572526,State,S130,Paved,3,0.01811748282600984,1.2452689474782601
570643,State,I15,Paved,1,0.0010739007512527527,0.6944367586396731
573085,State,S153,Paved,5,0.0491741862119335,3.1889940747957803
573084,State,S160,Paved,5,0.1265437632398903,0.7369660124067516
570988,State,S21,Paved,5,0.007554805512075756,1.3089745122867946
570643,State,I15,Paved,1,0.0009807676222647094,0.6342123215667117
573085,State,S153,Paved,5,0.03335706543761156,2.1632383213146777
573084,State,S160,Paved,5,0.10762586033429085,0.6267918630809723
570988,State,S21,Paved,5,0.003001022953646588,0.5199687206814263
570643,State,I15,Paved,1,0.002868162964485134,1.85469447710502
570643,State,I15,Paved,1,0.0014370201185669295,0.9292475045515145
573085,State,S153,Paved,5,0.053496182007544094,3.4692797296329045
573084,State,S160,Paved,5,0.18674517452745862,1.0875672027139516
570988,State,S21,Paved,5,0.007163660250471531,1.2412031875024185
563380,State,U89,Paved,3,0.004981152770054231,3.73820624420242
575636,State,S13,Paved,5,0.0035620731675918473,0.18487754826430516
563380,State,U89,Paved,3,0.0008977743064188312,0.6737527783358536
563380,State,U89,Paved,3,0.0001902832385624406,0.14280188209393743
570643,State,I15,Paved,1,0.004034448706841727,2.6088718902644574
570643,State,I15,Paved,1,0.0034646342534825365,2.2404019906436665
563380,State,U89,Paved,3,0.0011185342699053503,0.8394265313948706
563380,State,U89,Paved,3,0.0007944778322400971,0.5962318624746775
570643,State,I15,Paved,1,0.0023197096631120363,1.500037743299345
570643,State,I15,Paved,1,0.0042112773289965265,2.7232179274198005
570643,State,I15,Paved,1,0.0014705831688845655,0.9509510147180269
563380,State,U89,Paved,3,0.001133073179496391,0.8503375484076114
570643,State,I15,Paved,1,0.0011297571153292768,0.730556216022909
563380,State,U89,Paved,3,0.00037585824889346076,0.2820703796509388
570643,State,I15,Paved,1,0.000484556234574273,0.3133377647085808
570643,State,I15,Paved,1,9.675092884358635e-05,0.06256388343442415
570643,State,I15,Paved,1,0.000813534910334866,0.5260714693737982
570643,State,I15,Paved,1,0.00022303026837942606,0.14422228168782836
563396,State,U40,Paved,3,0.0016528317196417958,0.46512414317195566
563438,State,S12,Paved,3,0.0014870311530728064,0.29438469205066936
563438,State,S12,Paved,3,0.005942605886247427,1.176446236641682
563418,State,S22,Paved,5,0.05555559571469013,3.7318239193519966
573311,State,S62,Paved,5,0.013215147585229717,0.9122718079317539
570643,State,I15,Paved,1,4.798072293100084e-05,0.031026682559374037
572526,State,S130,Paved,3,0.02593095621732143,1.7823124142549782
570643,State,I15,Paved,1,0.0005332052959260178,0.344796627584464
572526,State,S130,Paved,3,0.003009688676733185,0.20686493188403893
563410,State,S56,Paved,4,0.0016841393537646917,0.16669988078674142
570643,State,I15,Paved,1,0.0004938826693804846,0.3193686936831015
572526,State,S130,Paved,3,0.004942537148080276,0.33971540590761223
563410,State,S56,Paved,4,0.003080205975349644,0.3048856781011581
570643,State,I15,Paved,1,0.0019354844981913518,1.251578956205606
563436,State,S143,Paved,4,0.25923313161659467,8.319147170076278
573090,State,S271,Paved,5,0.3014690370191561,2.651182730173703
576077,State,U6,Paved,3,0.010687560262736621,5.142521818937363
573079,State,S133,Paved,5,0.10946437172485668,2.49038505088751
573077,State,S257,Paved,4,0.14476561190144638,16.163757647195347
576077,State,U6,Paved,3,0.05590072519892352,26.897691518258355
573077,State,S257,Paved,4,0.04942066663768964,5.518048573844122
576077,State,U6,Paved,3,0.007107386213274385,3.4198533415351506
585947,State,I84,Paved,1,0.0030034377309503418,0.3845410107823373
575202,State,S167,Paved,4,0.10881664144863847,1.9420023043529198
585947,State,I84,Paved,1,0.0007888402779336951,0.10099807786807696
585947,State,I84,Paved,1,0.011862742537444616,1.5188298924899548
573311,State,S62,Paved,5,0.015377062562759591,1.0615137344729497
574877,State,S268,Paved,4,0.4523096826482129,0.4151533065940264
563380,State,U89,Paved,3,0.00012355578529861145,0.09272492321201671
570643,State,I15,Paved,1,0.0005207149240893937,0.3367197421531882
574898,State,I215,Paved,1,0.011955530845153104,0.5580551662490179
573667,State,S152,Paved,4,0.506885899818876,15.121254880323477
574469,State,S190,Paved,4,0.5452908190415593,4.138111175411792
575107,State,S210,Paved,4,0.04222611010170125,0.9644530169344757
573846,State,S266,Paved,3,0.020697464481833266,0.39248618524294754
574551,State,S71,Paved,3,0.023964517776710714,0.8675141998879383
563380,State,U89,Paved,3,0.0006434108307465011,0.48286059394597736
574898,State,I215,Paved,1,0.02534931245426122,1.1832443878220686
571112,State,I80,Paved,1,0.048567849691470294,15.153011859271862
574725,State,S186,Paved,4,0.0021406675802241276,0.03559722080601253
574551,State,S71,Paved,3,0.07510828206269282,2.7189155995409244
563380,State,U89,Paved,3,0.004223717544100805,3.1697737503708483
574898,State,I215,Paved,1,0.0054136323639564525,0.2526952209824768
573667,State,S152,Paved,4,0.008105116371900709,0.2417891887266683
573908,State,S209,Paved,3,0.00443048967034231,0.09478946455024406
575107,State,S210,Paved,4,0.005775219428882542,0.1319071964769959
573913,State,S48,Paved,4,0.015300972096495804,0.4030775687490507
574551,State,S71,Paved,3,0.0005383378012489144,0.019487798221992217
563380,State,U89,Paved,3,0.00027644398917755966,0.20746294968675066
570643,State,I15,Paved,1,0.001263242110685447,0.8168741438146865
574898,State,I215,Paved,1,0.016418673742737398,0.7663838455827567
573667,State,S152,Paved,4,0.02609043824348162,0.778321446226848
575107,State,S210,Paved,4,0.013033346498803779,0.2976843076771416
573846,State,S266,Paved,3,0.059966605995480655,1.1371472312365276
574551,State,S71,Paved,3,0.03254318864531797,1.1780616043474688
563380,State,U89,Paved,3,0.0017018888325799387,1.277216691512842
570643,State,I15,Paved,1,0.0008936423045198555,0.5778728291326031
573667,State,S152,Paved,4,0.019970728537852273,0.5957602617759155
573846,State,S266,Paved,3,0.03761990445590487,0.7133865504183942
574551,State,S71,Paved,3,0.02360960474016703,0.8546663678641199
563380,State,U89,Paved,3,0.0014462352937657651,1.0853563533009738
570643,State,I15,Paved,1,0.0005392279876488278,0.3486911946693601
573908,State,S209,Paved,3,0.015271816728486555,0.32673754779138336
574551,State,S71,Paved,3,0.0075984941365513205,0.2750650617150986
563380,State,U89,Paved,3,0.0005306657381588291,0.3982487724318529
570643,State,I15,Paved,1,0.000865270360491034,0.5595261422300218
573908,State,S209,Paved,3,0.05025727411682947,1.0752446022340099
574551,State,S71,Paved,3,0.007115682817538305,0.2575873190368186
563380,State,U89,Paved,3,0.0005880507716411145,0.44131452455591574
570643,State,I15,Paved,1,0.00028681588612367427,0.18546918237438884
573913,State,S48,Paved,4,0.015072314613243144,0.3970539839830301
574551,State,S71,Paved,3,0.017554819215044867,0.6354834713309778
563380,State,U89,Paved,3,0.00046431730413322214,0.34845625615757775
573667,State,S152,Paved,4,0.012526705528286127,0.37369259466806315
573018,State,U191,Paved,3,0.0006368002235063281,0.2587814974156733
573018,State,U191,Paved,3,0.0009414630253365326,0.38258970783111984
563380,State,U89,Paved,3,0.0010588876955919101,0.7946635604849546
563380,State,U89,Paved,3,0.0034530168749994034,2.5913859380222464
576047,State,I70,Paved,1,0.0025379575093394113,0.9463508458274449
563380,State,U89,Paved,3,0.002479283742912278,1.8606283317833916
576047,State,I70,Paved,1,0.0009947088326055203,0.3709059515867469
573427,State,U50,Paved,3,0.005100980262993799,0.49819535038856305
563380,State,U89,Paved,3,0.0008621296877138552,0.6470025575804871
571112,State,I80,Paved,1,0.02022716346242536,6.310809512313891
573564,State,S112,Paved,3,0.907628941423551,12.541330802116164
573542,State,S138,Paved,3,0.20792883507098592,6.766321343764077
573508,State,S36,Paved,5,0.05521540215124597,5.761232995910668
563396,State,U40,Paved,3,0.00032430300988102787,0.09126226088623823
573018,State,U191,Paved,3,0.0002195501093872965,0.08922029856111516
563396,State,U40,Paved,3,0.0015021779385026128,0.4227285925328597
576077,State,U6,Paved,3,0.002191343483029775,1.054406375003803
576077,State,U6,Paved,3,0.002191343483029775,1.054406375003803
576077,State,U6,Paved,3,0.002191343483029775,1.054406375003803
576077,State,U6,Paved,3,0.002191343483029775,1.054406375003803
570643,State,I15,Paved,1,0.003396033168116145,2.196041173030468
563380,State,U89,Paved,3,0.004521940577372839,3.393581221574018
570643,State,I15,Paved,1,0.005196005487219286,3.3599913252777576
573513,State,S73,Paved,4,0.03979033901962344,2.6131110210297335
574281,State,S89,Paved,3,0.08334917777426512,0.21401337908178786
570643,State,I15,Paved,1,0.003085054974136111,1.9949474604288204
563380,State,U89,Paved,3,0.0034116627993349955,2.560350940500935
570643,State,I15,Paved,1,0.0005540249223942492,0.3582596165094848
573666,State,S92,Paved,5,0.1597364652105004,6.931347221694424
563380,State,U89,Paved,3,0.0026854724443503707,2.0153667882775648
570643,State,I15,Paved,1,0.00011374660020727562,0.07355411592931482
575085,State,S265,Paved,3,0.1718050344632956,1.0756546945455572
575082,State,U189,Paved,3,0.06272351776400593,2.8950859112230884
563380,State,U89,Paved,3,0.0012385384307413367,0.9294860666221895
575082,State,U189,Paved,3,0.002530290554611653,0.1167888663948749
563380,State,U89,Paved,3,0.000834095136711691,0.6259634651359162
570643,State,I15,Paved,1,0.005578670085978098,3.607440973951741
574281,State,S89,Paved,3,0.21028019568147527,0.5399306439909135
563380,State,U89,Paved,3,0.0053391233546527936,4.006852466545158
570643,State,I15,Paved,1,0.0002554543605356385,0.16518928579181819
563380,State,U89,Paved,3,0.003982641344212983,2.9888532692390406
570643,State,I15,Paved,1,6.432253015762155e-05,0.04159409451763044
576077,State,U6,Paved,3,0.005030832658959546,2.4206803124493117
576077,State,U6,Paved,3,0.002191343483029775,1.054406375003803
575082,State,U189,Paved,3,0.0050330612049516565,0.23230751565309585
563396,State,U40,Paved,3,0.0029670743470487614,0.8349657723761698
575082,State,U189,Paved,3,0.0050330612049516565,0.23230751565309585
563396,State,U40,Paved,3,0.0029670743470487614,0.8349657723761698
575082,State,U189,Paved,3,0.0050330612049516565,0.23230751565309585
563396,State,U40,Paved,3,0.0029670743470487614,0.8349657723761698
563396,State,U40,Paved,3,0.003814348992801512,1.0733977246153716
563396,State,U40,Paved,3,0.0037954800067135546,1.0680877944619336
563396,State,U40,Paved,3,0.0037858503588020123,1.0653779107631414
563396,State,U40,Paved,3,0.00409854907093071,1.1533746008202246
570632,State,S18,Paved,4,0.0007381656452753116,0.06038119517937753
570643,State,I15,Paved,1,0.0016074143109774796,1.0394327246759743
570632,State,S18,Paved,4,0.03749312309820226,3.066899141360915
570582,State,S34,Paved,3,0.26653850204281965,0.8538194028015345
563381,State,U91,Paved,4,0.002321167586948489,0.17691974525915174
563433,State,S9,Paved,3,0.005301367707294517,0.4856017209719429
563380,State,U89,Paved,3,0.0006405847449591726,0.4807397010473788
575478,State,S79,Paved,3,0.06080318841453766,0.2448560369089002
571112,State,I80,Paved,1,0.006172744841396158,1.9258764054848065
575102,State,S248,Paved,4,0.0027376588192799564,0.05008024896539072
563396,State,U40,Paved,3,0.00026686791350420897,0.07509942369428492
573071,State,S10,Paved,4,0.006553500548966978,0.7255344095866448
573054,State,S24,Paved,4,0.005814095158118976,1.4235239174196954
573311,State,S62,Paved,5,0.004846035723502186,0.33453290947142733
576047,State,I70,Paved,1,0.011093182473992285,4.136413859786508
563380,State,U89,Paved,3,0.0001870197225017499,0.140352710851997
563380,State,U89,Paved,3,0.0013913500660131214,1.0441666306462376
571112,State,I80,Paved,1,0.002151326031566677,0.671206756662635
574551,State,S71,Paved,3,0.052881992407955616,1.9143251602104387
573844,State,S171,Paved,3,0.0947101559710671,1.844252385850903
574551,State,S71,Paved,3,0.017559647556532793,0.6356582570221281
563380,State,U89,Paved,3,0.0032536388324834542,2.441758677447008
574725,State,S186,Paved,4,0.04288113467456471,0.7130715826803065
570643,State,I15,Paved,1,0.00014721259146369548,0.09519486295892751
570643,State,I15,Paved,1,0.001010225945844331,0.6532615146301555
572526,State,S130,Paved,3,0.00711529782994655,0.4890557659020726
563381,State,U91,Paved,4,0.004705965489310552,0.35868940280254685
570643,State,I15,Paved,1,0.0002164993819627052,0.13999909105407482
563380,State,U89,Paved,3,7.137607203417642e-05,0.053565608300324245
570643,State,I15,Paved,1,0.00022506103607288955,0.14553547541914277
574898,State,I215,Paved,1,0.008700843023886061,0.40613423720702735
573667,State,S152,Paved,4,0.002293027582586031,0.06840485114359095
573908,State,S209,Paved,3,0.006638185049741108,0.1420226776878546
575107,State,S210,Paved,4,0.04422832615433576,1.0101840423087545
573913,State,S48,Paved,4,0.0040059354691549896,0.10552942122169984
574551,State,S71,Paved,3,0.004215148786271539,0.1525881497304585
563380,State,U89,Paved,3,0.00019421560699509294,0.14575300704594032
570643,State,I15,Paved,1,0.0003379974752391811,0.21856570158804833
573061,State,S213,Paved,5,0.020859239280988023,1.540396306815781
575179,State,S32,Paved,5,0.09403342244113894,3.845781611080958
573061,State,S213,Paved,5,0.021905441176644856,1.6176553820171622
575179,State,S32,Paved,5,0.09403342244113894,3.845781611080958
563380,State,U89,Paved,3,7.344739694637322e-05,0.055120075725434314
575347,State,S26,Paved,3,0.009946124883198806,0.05316879364798414
575484,State,S203,Paved,3,0.005124832413288038,0.05064130393619277
570643,State,I15,Paved,1,0.007014745294335852,4.536077453339058
571112,State,I80,Paved,1,0.003713577237060329,1.1586240747936576
574725,State,S186,Paved,4,0.016735023531804033,0.278287172356332
574731,State,S269,Paved,3,0.2995032222867967,2.1012288949267766
574708,State,S270,Paved,4,0.7209581516964666,1.6888381442438647
574551,State,S71,Paved,3,0.02534109300763273,0.9173461460662761
563380,State,U89,Paved,3,0.0020937908327163706,1.5713274268496096
563396,State,U40,Paved,3,0.024431268981220156,6.875214770174143
573039,State,S163,Paved,4,0.07152897587862463,1.676962956032138
563392,State,S262,Paved,4,0.04206439527820572,2.7074836837878054
573018,State,U191,Paved,3,0.0013229557207460633,0.5376198842145907
570643,State,I15,Paved,1,0.0019378719449039167,1.2531227960386302
573872,State,S154,Paved,3,0.03482902327860137,1.3042193567524896
573669,State,S68,Paved,4,0.0010548657924773104,0.10112901195887525
574551,State,S71,Paved,3,0.007556559861247135,0.2735470433002342
573872,State,S154,Paved,3,0.10787810116788311,4.0396397736280845
573669,State,S68,Paved,4,0.010863185752777258,1.0414436127690854
573872,State,S154,Paved,3,0.06340297048375741,2.3742090244410616
573872,State,S154,Paved,3,0.013960875000206815,0.5227836355565704
573669,State,S68,Paved,4,0.001065885840717143,0.10218549383380282
563381,State,U91,Paved,4,0.002757819365160895,0.21020140997076953
575179,State,S32,Paved,5,0.02731874289346827,1.1172827312896467
573872,State,S154,Paved,3,0.013068293589632742,0.4893597309056647
573669,State,S68,Paved,4,0.027810130579347066,2.6661316046014116
574551,State,S71,Paved,3,0.010682621950858331,0.3867103156738834
563410,State,S56,Paved,4,0.01592726129689243,1.5765159536924018
576077,State,U6,Paved,3,0.002191343483029775,1.054406375003803
576077,State,U6,Paved,3,0.002191343483029775,1.054406375003803
573071,State,S10,Paved,4,0.003919082070033535,0.4338794014828601
