dam_id,dam_num,name,area_m2,intersect_count,intersect_km
25,UT00272,SEVIER BRIDGE,863092738.98704,5,66.64221610679739
120,UT00080,DMAD,581745705.569507,2,43.061449165453695
27,UT00249,PIUTE,224263647.02514,5,39.42066426223642
147,UT00270,SETTLEMENT CANYON,154533832.487005,4,31.379694654104803
23,UT00227,NEWCASTLE,151491485.279731,1,2.844778076679588
57,UT00309,ENTERPRISE (UPPER),150630761.90603,2,12.598670823785309
56,UT00189,ENTERPRISE (LOWER),150225877.278872,2,12.598670797159158
212,UT53326,Big Sand Wash,129946428.459622,1,6.875214770174143
110,UT00072,CLIFF LAKE (DUCHESNE),100477648.700264,1,0.46512414317195566
150,UT00323,WHITEROCKS LAKE,93287746.4982007,1,0.4227285925328597
9,UT00259,ROCKY FORD (BEAVER),71676791.9171717,2,11.394132027836632
12,UT00251,PORCUPINE,66509510.5408086,2,5.443221282654251
11,UT00079,UTAH POWER & LIGHT - CUTLER,45960121.8369641,4,7.366112460845563
2,UT00069,CHEPETA,40262164.8279618,1,0.29833918961402967
214,UT00517,Recapture Creek,39707268.2823017,3,4.922066524034533
53,UT00276,NORTH UTAH COUNTY - SILVER LAKE FLAT,38739876.2713122,4,23.565680063995508
1,UT00394,BROWNS DRAW,38273850.5903968,1,1.7044535400763974
121,UT00131,GUNNISON BEND,38260955.1871127,2,8.937901915379273
4,UT00240,PARADISE PARK,37742892.4889846,1,0.28037144181277496
34,UT00130,GUNNISON,37340855.7968552,1,5.596090983953872
75,UT00212,MILLSITE,35711465.5265732,1,2.3077339745493406
118,UT00215,MONA,34211179.5809849,1,5.142521818937363
20,UT00100,UTAH POWER & LIGHT - ELECTRIC LAKE,32338228.3638052,1,1.4072307036762286
145,UT00366,ROCKY FORD (SEVIER),30575712.7349259,3,1.516103859555797
49,UT00390,COTTONWOOD,29512577.6472427,1,1.5793529540670648
112,UT00302,TROPIC,28430364.8417761,3,5.820541963925432
18,UT00306,TWIN POTS,25775301.2746265,1,0.7798045673827166
55,UT00010,ASH CREEK,21215287.9268419,3,4.892205401729042
60,UT00514,QUAIL CREEK,20867386.4863908,2,1.2532811062273577
61,UT00710,QUAIL CREEK SOUTH DAM,20762702.848805,2,1.358470618764931
44,UT00324,WHITNEY,20486496.7852418,1,0.8137414177892597
16,UT00069,CHEPETA,20221342.6896625,1,0.29833918961402967
86,UT00194,MANDERFIELD (AKA BEAVER),20138673.459028,1,1.85469447710502
59,UT00164,KOLOB CREEK,19802710.7105293,2,2.2679248762723088
71,UT00221,MOUNTAIN DELL,19037098.6438245,7,17.21200731779192
64,UT00208,MILL MEADOW,18046837.4852023,3,4.803529175156096
3,UT00235,OTTER CREEK,17789718.8840292,2,16.350807518163535
62,UT00588,SOUTH CREEK - WASHINGTON CO,17658030.1538375,2,2.0151441511956714
47,UT00353,BROUGH,16826813.8792171,0,
129,UT00755,LITTLE DELL,16802505.7395662,5,22.260542817811718
29,UT00332,WOODRUFF CREEK,16556826.0282263,2,5.891324966145536
50,UT00624,LAPOINT,16339917.963738,1,0.2513149164904923
45,UT00343,GRANTSVILLE,16240394.3103091,1,1.3839346031428446
117,UT00335,YANKEE MEADOW,16234821.2859582,3,12.221908856455586
42,UT00280,SMITH AND MOREHOUSE,16033265.6586343,2,11.203224491826616
28,UT00041,BIRCH CREEK #2,15646288.7713755,2,9.01263004151698
211,UT10101,RED BUTTE,15569654.8605154,7,12.251729312575577
77,UT00313,WALL LAKE,15454792.8633538,2,5.3706516378674936
208,UT00184,LOST LAKE,15373628.1508261,2,5.46343699309812
207,UT00315,WASHINGTON LAKE,14915566.8528618,2,5.386177917896739
8,UT00089,DEJARNATT,14841036.2686569,1,5.341010675916662
43,UT00301,TRIAL LAKE,14832891.6618759,2,5.386179773584796
158,UT00472,NORTH UTAH CO - DRY CREEK,14621478.8808104,3,6.187115725389279
68,UT00144,HUNTINGTON,14575689.2170711,1,0.7255344095866448
157,UT00585,NORTH UTAH CO - BATTLE CREEK,14478284.2383523,2,5.589622394604485
183,UT00165,KOOSHAREM,14218388.4232414,2,1.7580568268911227
7,UT00044,BLUE CREEK,14158819.0013613,1,5.341010490708514
67,UT00071,CLEVELAND,13801873.3167568,1,0.7255344095866448
119,UT00322,CORN CREEK,13554747.369584,1,2.49038505088751
182,UT00260,ROLFSON,13297503.5679589,1,0.7255344095866448
163,UT00469,UTAH CO - AMERICAN FORK DEBRIS,13203865.8407521,3,8.154224084487812
58,UT00129,GUNLOCK,13105943.1977006,2,6.552159836554767
87,UT00298,THREE CREEKS - BEAVER,12533272.1671697,4,6.72729762440079
159,UT00584,NORTH UTAH CO - GROVE CREEK,12424421.1276193,2,4.555298400929755
66,UT00210,MILLER FLAT,12377766.7872947,1,0.7255344095866448
80,UT00380,LOGAN FIRST DAM,12303980.3241938,1,4.671585797943416
35,UT00138,NINEMILE,11968090.871948,1,5.26240341142238
160,UT00299,NORTH UTAH CO - TIBBLE FORK,11951500.2845743,3,9.304973626481475
141,UT00119,PALISADES LAKE,11944644.216168,1,2.5913859380222464
30,UT00304,TWIN LAKES (SALT LAKE),11868545.3713246,8,22.85125917122425
128,UT00172,LAKE MARY-PHOEBE,11821182.9654909,8,22.861454960148812
84,UT00161,KENTS LAKE #1,11063250.8725858,4,5.929371358128999
205,UT00429,JOYCE,10712334.9728998,0,
79,UT00052,BOYER LAKE,10616434.1758184,0,
81,UT00830,CEDAR CITY - FIDDLER CANYON #2,10120111.3712461,2,2.001872487316089
65,UT00039,KENNECOTT MINE BINGHAM CREEK,9808162.33778089,4,6.265159968779542
37,UT00644,COTTONWOOD WASH DETENTION BASIN,9503610.13256378,3,5.91188318694632
46,UT00353,BROUGH,9471695.72154864,0,
131,UT00090,SALT LAKE CO - BIG COTTONWOOD (SPENCER'S),9416327.65151028,7,6.251689270398272
161,UT00524,PROVO - ROCK CANYON,9224378.80024628,4,4.973780788320149
225,UT53352,M&S DAM,9185200.47544466,0,
229,UT00516,RANCHERS EXPLORATION TAILINGS,9093174.08244332,1,1.5765159536924018
24,UT00255,RED CREEK (IRON),8561981.38498396,2,6.022107572428982
54,UT00330,WITT LAKE,8560274.51081893,1,1.377666700924812
167,UT00064,CENTER CREEK #1,8226294.26829515,2,1.0672732880292657
169,UT00066,CENTER CREEK #3,8138995.36075312,2,1.0672732880292657
168,UT00065,CENTER CREEK #2,8079804.86887146,2,1.0672732880292657
85,UT00162,KENTS LAKE #2,7829290.18451281,4,3.944211226643788
164,UT00613,UTAH CO - HOBBLE CREEK,7748588.05521471,2,3.1540425550308586
226,UT00409,JORDAN VALLEY WATER PURIFICATION UPPER,7442457.38080202,3,3.54220165118096
175,UT00680,CITY CREEK DEBRIS BASIN - ST GEORGE,7352593.68010149,4,5.137071014097574
165,UT00387,UTAH CO - SANTAQUIN DEBRIS,7295222.53031913,2,2.462274406966942
73,UT00393,KEN'S LAKE,7209792.93200672,1,0.9782060465472092
111,UT00233,OAK CREEK (UPPER BOWNS),7169511.13336131,1,0.29438469205066936
176,UT50414,SAND HOLLOW NORTH,6818361.40064742,1,0.4856017209719429
142,UT00627,DAIRY CANYON DETENTION BASIN,6755391.59315859,2,2.8069791776108364
41,UT00257,REX,6612710.48474418,3,1.2155037440701357
63,UT00396,WARNER DRAW,6187163.23623801,0,
149,UT00098,EAST PARK,6178167.60687666,1,0.08922029856111516
21,UT00187,BOWNS (LOWER),6121595.00503839,0,
38,UT00644,COTTONWOOD WASH DETENTION BASIN,6056916.75985123,3,4.301418135105596
218,UT00475,JORDAN VALLEY WATER PURIFICATION LOWER,5919524.77185562,3,1.678895412011599
146,UT00533,SAND H DEBRIS,5886464.98221211,0,
148,UT00058,BULLOCK DRAW,5658520.51097152,1,0.09126226088623823
36,UT00644,COTTONWOOD WASH DETENTION BASIN,5093974.58176435,2,2.5626036117276105
69,UT00158,JULIUS FLAT,4912055.31317418,1,0.4336646933504228
177,UT50415,SAND HOLLOW WEST,4897518.37632054,0,
17,UT00254,RED CREEK (DUCHESNE),4888953.62717196,1,0.3951306882858659
76,UT00286,SPECTACLE LAKE,4884252.59891901,1,0.5242737378849875
70,UT00289,SPINNERS,4874827.21911391,1,0.4338794014828601
22,UT00246,PINE LAKE,4783204.80791157,1,0.916588906449472
100,UT00564,DAVIS - STONE CREEK,4737291.12622036,1,0.730556216022909
170,UT00088,DEER VALLEY,4673885.80370226,1,1.0733977246153716
234,UT00056,BRUSH,4608000.58265845,1,0.4338794014828601
171,UT00156,JONES,4604383.37432669,1,1.0680877944619336
185,UT00238,PANGUICH LAKE,4424471.69289779,1,1.0441666306462376
172,UT00176,LINDSAY (BENNETT) LOWER,4403669.61132953,1,1.0653779107631414
78,UT00285,SOUTH JUNCTION,4275926.23209802,0,
190,UT00647,SALT LAKE CO - ROTARY GLEN PARK,4211449.08276286,1,0.7130715826803065
74,UT00312,VERNON,4187916.18550697,0,
48,UT00061,CALDER (ZELPH),4068635.49556672,0,
219,UT00865,RIVERTON CITY - 3200 WEST POND,3951198.06690449,2,5.081083386397169
139,UT00828,DAIRY DAM,3938147.05920343,1,0.7946635604849546
13,UT00365,LONG PARK (DAGGETT),3909607.58105664,1,0.1693984491624632
132,UT00531,SALT LAKE CO - CREEKSIDE PARK,3906689.81355281,5,3.8270423624920062
188,UT00645,SALT LAKE CO - SCOTT AVE,3743717.18279995,3,4.9216693203200395
224,UT00207,MILL HOLLOW,3731355.4320974,1,1.1172827312896467
94,UT00692,DAVIS - FARMINGTON POND,3698297.72290603,2,3.079828522038537
186,UT00539,SALT LAKE CO - SUGARHOUSE,3657220.54711844,2,2.585531916873074
162,UT00470,PROVO - SLATE CANYON #2,3359271.2102181,2,0.742752331530791
52,UT00234,OAKS PARK,3354089.66543323,1,0.2757579867402653
173,UT00650,WASATCH CO - LAKE CREEK,3143537.3483852,1,1.1533746008202246
93,UT00152,DAVIS - BARTON CREEK,3124641.29980246,1,2.6088718902644574
72,UT00124,GRASS VALLEY,3030515.65335227,0,
151,UT00034,BIG EAST,2994975.89139342,1,1.054406375003803
204,UT00321,WHITE PINE,2987596.14657713,8,2.1761518617644686
91,UT00126,GRASSY TRAIL,2934684.05840651,0,
152,UT00652,BOX LAKE (PAYSON),2915505.63947535,1,1.054406375003803
156,UT00200,MCCLELLAN LAKE,2904476.23294574,1,1.054406375003803
88,UT00196,MANTUA,2837642.62388547,2,3.923083792466725
166,UT00244,WINWARD (PETE),2798486.30574672,1,1.054406375003803
231,UT00093,DRY LAKE,2789584.30024314,1,1.054406375003803
233,UT00521,RED LAKE,2760158.68826669,1,1.054406375003803
5,UT00431,MINERSVILLE - BIG WASH DEBRIS,2755141.02929916,1,1.0548112343465104
155,UT00197,MAPLE LAKE,2669833.52245084,1,1.054406375003803
40,UT00257,REX,2613712.95877681,0,
108,UT00142,HOLMES,2573360.83277793,1,0.5260714693737982
130,UT00256,RED PINE,2517943.99154075,7,1.3512093873941786
51,UT00216,MONTES CREEK,2495427.04347403,1,0.025668103099616504
215,UT53277,Riverton City - Black Ridge Reservoir,2494623.0127807,0,
217,UT00325,WIDE HOLLOW,2479029.50652786,0,
135,UT00746,SANDY - FLAT IRON MESA,2427319.04123444,4,1.5664628938459746
26,UT00025,BEAVER CREEK - UPPER (BOX CREEK),2352054.87624742,1,1.06151375302948
174,UT00618,BAKER,2332918.10885669,1,0.06038119517937753
10,UT00319,ETNA,2293846.66446817,0,
216,UT53509,SANTAQUIN PRESSURE IRRIGATION RESERVOIR,2238309.1796878,1,1.2531227960386302
113,UT00832,CEDAR CITY - DRY CANYON,2200099.06080225,2,1.8133390968143521
220,UT00871,RIVERTON CITY - 4200 WEST POND,2174616.12488111,1,2.3742090244410616
133,UT00519,SANDY - ALTA CANYON,2162149.46414646,4,1.3487425766076948
14,UT00002,ADAMS,2141429.5088547,1,2.2137888552777785
103,UT00737,DAVIS/WEBER CANAL - LAYTON POND,2134724.68777419,1,0.3133377647085808
134,UT00590,SANDY - FALCON DB,2116281.66432696,4,2.333672588056766
140,UT00103,FAIRVIEW LAKE,2040723.4338605,0,
125,UT00024,BEAVER CREEK - LOWER (BOX CREEK),2036083.17418494,1,1.0615137344729497
201,UT00638,LINDON CITY DRY CANYON DEBRIS BASIN,1986678.92084098,1,0.053565608300324245
143,UT00340,GLENWOOD DEBRIS,1878627.23681406,0,
96,UT00648,DAVIS - HOOPER DRAW,1832618.91910638,1,1.500037743299345
33,UT00199,STARVATION CANYON,1806902.55402875,1,0.3886010241621098
184,UT00354,THREE CREEKS - SEVIER,1801041.73613663,2,4.276766570638504
19,UT00095,DUCK FORK,1628283.38882216,0,
97,UT00170,DAVIS - PARRISH CREEK,1568097.62387448,1,2.7232179274198005
89,UT00573,THREE MILE CREEK - PERRY,1529146.27204816,1,0.6737527783358536
106,UT00378,HAIGHT CREEK (LOWER),1495684.33676503,1,0.06256388343442415
83,UT00834,CEDAR CITY - STEPHENS CANYON SOUTH,1474693.51925203,2,1.272709670153055
82,UT00833,CEDAR CITY - STEPHENS CANYON NORTH,1470399.12949687,2,1.272709670153055
122,UT00232,NORTHWEST,1385814.86327613,2,2.326543315135257
123,UT00232,NORTHWEST,1224271.06484122,1,0.10099807786807696
181,UT00866,DEER VALLEY SNOW MAKING RESERVOIR,1181115.47641493,3,2.051056078144482
180,UT00505,OGDEN CITY - SULLIVAN HOLLOW,1148936.30104166,2,0.725595737956279
15,UT00140,HOBBS,1135669.20518904,2,1.2806549626681045
115,UT00415,CEDAR CITY - GREENS LAKE #3,1105887.69882411,3,0.9639697776918719
196,UT00180,SILVER SPRINGS #1,1053148.71100957,0,
221,UT53257,RH LAKE DAM/KENNECOTT DAYBREAK,1023502.69264573,2,0.6249691293903733
137,UT00566,MOAB - TUSHER CANYON,994971.9989472,1,0.2587814974156733
138,UT00553,MOAB - WHITE CANYON,901538.602572124,1,0.38258970783111984
124,UT00327,WILKINSON (HARRY),883740.480625737,1,1.5188298924899548
95,UT00461,DAVIS - HOLMES CREEK,868025.288061183,1,0.5962318624746775
32,UT00349,LLOYDS LAKE (MONTICELLO),866187.92097647,1,0.12910952496108385
206,UT00803,DAVIS - MUTTON HOLLOW,817771.702381627,1,0.21856570158804833
144,UT00153,JOHNSON,811027.304996883,0,
31,UT00043,BLANDING CITY #4,800039.423544683,1,0.048069590780534584
198,UT00657,FIDDLER CANYON #1,777440.534372297,2,1.1423172805322281
154,UT00744,LINDON IRRIGATION III,728535.767830136,0,
213,UT53205, Dutch Canyon Dam - Midway Irrigation,694348.725842385,0,
227,UT00848,FARMINGTON IRRIGATION - RESERVOIR C,682584.788861496,0,
98,UT00171,DAVIS - RICKS CREEK,682540.654004748,1,0.9509510147180269
230,UT00099,EAST TIMOTHY,646107.486186125,0,
114,UT00412,CEDAR CITY - GREENS LAKE #2,618101.565334196,3,0.7183614402552444
191,UT00527,SALT LAKE CO - FEDERAL HEIGHTS #1A,608507.936230833,0,
104,UT00735,DAVIS/WEBER CANAL - SUNSET POND,596209.424320059,0,
99,UT00563,DAVIS - SHEPARD CREEK,508100.237765839,1,0.8503375484076114
189,UT00530,SALT LAKE CO - SCHOOL POND #14,485372.914521559,0,
223,UT00443,SANTA CLARA,462714.686696474,1,0.21020140997076953
179,UT00714,NORTH OGDEN - ORTON PARK,439211.76795563,0,
192,UT00529,SALT LAKE CO - CHANDLER DR #13,432850.1431515,0,
101,UT00701,DEUEL CREEK,418979.990895019,0,
195,UT00827,CENTERVILLE - BARNARD CREEK (UPPER),411198.122113516,0,
109,UT00160,KAYSVILLE,409051.158202431,1,0.14422228168782836
178,UT50324,ST GEORGE CITY - NAVAJO DB,401768.287088515,0,
194,UT00169,DAVIS COUNTY - BARNARD CREEK (LOWER),382380.361523353,0,
193,UT00818,BOUNTIFUL - NORTH CANYON (SDID #2),381682.787012567,1,0.09519486295892751
136,UT00534,SANDY - WILLOW CREEK,360285.463919877,1,0.37369259466806315
228,UT00857,FARMINGTON IRRIGATION - RESERVOIR B,339152.386919459,0,
200,UT00820,VALLEYVIEW #1 (SDID #4 LOWER),337308.837895654,1,0.13999909105407482
187,UT00528,SALT LAKE CO - SHRINERS #12,315454.547339391,0,
126,UT00728,DRAPER PRESSURE IRRIGATION PROJECT,292534.398410235,0,
90,UT10110,TONY GROVE LAKE DAM,276867.266958075,1,0.14280188209393743
39,UT00117,FORSYTH,233127.523401967,0,
107,UT00063,HAIGHT CREEK (UPPER),230525.34995199,0,
203,UT00817,BOUNTIFUL - OAKRIDGE (SDID #1),204503.603816229,0,
199,UT00149,IVINS BENCH,154433.193667472,1,0.35868940280254685
102,UT00736,DAVIS/WEBER CANAL - KAYSVILLE,148200.664103373,1,0.2820703796509388
127,UT00749,ENSIGN DOWNS (AKA VICTORY ROAD),146490.121734105,2,0.5078782298060431
202,UT00713,UTAH COUNTY THISTLE CREEK DEBRIS,134532.790079264,0,
153,UT00743,LINDON IRRIGATION II,134236.51652525,0,
116,UT00416,CEDAR CITY - GREENS LAKE #4,127116.471573912,0,
209,UT00580,SOUTH OGDEN CITY BURCH CREEK DEBRIS,126708.590360136,2,0.10828886937341844
210,UT00732,SOUTH OGDEN CITY BURCH CREEK (GLASMANN),116294.458990288,1,0.05064130393619277
222,UT50376,SANDY CITY - EAST SANDY ELEMENTARY,102328.461520882,0,
6,UT00431,MINERSVILLE - BIG WASH DEBRIS,75019.1244293614,1,0.03579641534846639
232,UT00639,LINDON SQUAW HOLLOW,51140.4977327907,0,
197,UT00560,SILVER SPRINGS #2,47633.3259139868,0,
92,UT00776,BOUNTIFUL - EAGLE RIDGE,31562.4451386702,0,
105,UT00336,FARMINGTON CITY - RUDD CREEK,20626.9633165237,0,
